Region,Year,Indicator,Normalized,Value,Unit,Source,Continent,UN_Region,Official_Name
AFG,2007,EJ Events,1.0,0.0,%,EJ Atlas,Asia,Southern Asia,Islamic Republic of Afghanistan
AFG,2012,EJ Events,0.9949748743718603,0.0005213764337851,%,EJ Atlas,Asia,Southern Asia,Islamic Republic of Afghanistan
AFG,2017,EJ Events,0.9959807377169423,0.000417014178482,%,EJ Atlas,Asia,Southern Asia,Islamic Republic of Afghanistan
AFG,2022,EJ Events,0.9963505524593819,0.0003786444528587,%,EJ Atlas,Asia,Southern Asia,Islamic Republic of Afghanistan
AGO,2007,EJ Events,0.982945279660068,0.0017694939247374713,%,Estimated,Africa,Middle Africa,Republic of Angola
AGO,2012,EJ Events,0.982053122756641,0.0018620586920899001,%,Estimated,Africa,Middle Africa,Republic of Angola
AGO,2017,EJ Events,0.9839229508677672,0.0016680567139282286,%,Estimated,Africa,Middle Africa,Republic of Angola
AGO,2022,EJ Events,0.9838381608915465,0.0016768540055173285,%,Estimated,Africa,Middle Africa,Republic of Angola
ALB,2007,EJ Events,0.9920411305080322,0.0008257638315441,%,EJ Atlas,Europe,Southern Europe,Republic of Albania
ALB,2012,EJ Events,0.9849246231155787,0.0015641293013555,%,EJ Atlas,Europe,Southern Europe,Republic of Albania
ALB,2017,EJ Events,0.9879422131508251,0.0012510425354462,%,EJ Atlas,Europe,Southern Europe,Republic of Albania
ALB,2022,EJ Events,0.9854022098375259,0.001514577811435,%,EJ Atlas,Europe,Southern Europe,Republic of Albania
AND,2007,EJ Events,0.9393901477150096,0.006288509178682531,%,Estimated,Europe,Southern Europe,Principality of Andorra
AND,2012,EJ Events,0.9462698105914191,0.005574717253549315,%,Estimated,Europe,Southern Europe,Principality of Andorra
AND,2017,EJ Events,0.9508413305379793,0.005100404182972939,%,Estimated,Europe,Southern Europe,Principality of Andorra
AND,2022,EJ Events,0.9503113681008081,0.005155389858153907,%,Estimated,Europe,Southern Europe,Principality of Andorra
ARE,2007,EJ Events,0.9840822610160634,0.0016515276630883,%,EJ Atlas,Asia,Western Asia,United Arab Emirates
ARE,2012,EJ Events,0.9899497487437194,0.0010427528675703,%,EJ Atlas,Asia,Western Asia,United Arab Emirates
ARE,2017,EJ Events,0.9919614754338837,0.0008340283569641,%,EJ Atlas,Asia,Western Asia,United Arab Emirates
ARE,2022,EJ Events,0.9927011049187631,0.0007572889057175,%,EJ Atlas,Asia,Western Asia,United Arab Emirates
ARG,2007,EJ Events,0.8169460016847241,0.0189925681255161,%,EJ Atlas,America,South America,Argentine Republic
ARG,2012,EJ Events,0.8391959798994981,0.0166840458811261,%,EJ Atlas,America,South America,Argentine Republic
ARG,2017,EJ Events,0.8352102463946085,0.0170975813177648,%,EJ Atlas,America,South America,Argentine Republic
ARG,2022,EJ Events,0.8357748606721608,0.0170390003786444,%,EJ Atlas,America,South America,Argentine Republic
ARM,2007,EJ Events,0.9920411305080322,0.0008257638315441,%,EJ Atlas,Asia,Western Asia,Republic of Armenia
ARM,2012,EJ Events,0.9949748743718603,0.0005213764337851,%,EJ Atlas,Asia,Western Asia,Republic of Armenia
ARM,2017,EJ Events,0.9959807377169423,0.000417014178482,%,EJ Atlas,Asia,Western Asia,Republic of Armenia
ARM,2022,EJ Events,0.9963505524593819,0.0003786444528587,%,EJ Atlas,Asia,Western Asia,Republic of Armenia
ASM,2007,EJ Events,0.9920411305080322,0.0008257638315441,%,Estimated,Oceania,Polynesia,American Samoa
ASM,2012,EJ Events,0.9949748743718603,0.0005213764337851,%,Estimated,Oceania,Polynesia,American Samoa
ASM,2017,EJ Events,0.9959807377169423,0.000417014178482,%,Estimated,Oceania,Polynesia,American Samoa
ASM,2022,EJ Events,0.9927011049187631,0.0007572889057175,%,Estimated,Oceania,Polynesia,American Samoa
ATG,2007,EJ Events,1.0,0.0,%,EJ Atlas,America,Caribbean,Antigua and Barbuda
ATG,2012,EJ Events,1.0,0.0,%,EJ Atlas,America,Caribbean,Antigua and Barbuda
ATG,2017,EJ Events,0.9919614754338837,0.0008340283569641,%,EJ Atlas,America,Caribbean,Antigua and Barbuda
ATG,2022,EJ Events,0.9927011049187631,0.0007572889057175,%,EJ Atlas,America,Caribbean,Antigua and Barbuda
AUS,2007,EJ Events,0.9761233915240949,0.0024772914946325,%,EJ Atlas,Oceania,Australia and New Zealand,Commonwealth of Australia
AUS,2012,EJ Events,0.9346733668341709,0.0067778936392075,%,EJ Atlas,Oceania,Australia and New Zealand,Commonwealth of Australia
AUS,2017,EJ Events,0.9397110657541252,0.006255212677231,%,EJ Atlas,Oceania,Australia and New Zealand,Commonwealth of Australia
AUS,2022,EJ Events,0.9416088393501019,0.0060583112457402,%,EJ Atlas,Oceania,Australia and New Zealand,Commonwealth of Australia
AUT,2007,EJ Events,0.9681645220321261,0.0033030553261767,%,EJ Atlas,Europe,Western Europe,Republic of Austria
AUT,2012,EJ Events,0.9798994974874379,0.0020855057351407,%,EJ Atlas,Europe,Western Europe,Republic of Austria
AUT,2017,EJ Events,0.9839229508677674,0.0016680567139282,%,EJ Atlas,Europe,Western Europe,Republic of Austria
AUT,2022,EJ Events,0.981752762296907,0.0018932222642938,%,EJ Atlas,Europe,Western Europe,Republic of Austria
AZE,2007,EJ Events,0.9665727481337327,0.0034682080924854863,%,Estimated,Asia,Western Asia,Republic of Azerbaijan
AZE,2012,EJ Events,0.9755443886097159,0.0025373653110878605,%,Estimated,Asia,Western Asia,Republic of Azerbaijan
AZE,2017,EJ Events,0.9750805738450389,0.0025854879065887798,%,Estimated,Asia,Western Asia,Republic of Azerbaijan
AZE,2022,EJ Events,0.9754270532265016,0.0025495393159156265,%,Estimated,Asia,Western Asia,Republic of Azerbaijan
BDI,2007,EJ Events,0.9724500671431863,0.002858413263037492,%,Estimated,Africa,Eastern Africa,Republic of Burundi
BDI,2012,EJ Events,0.9644375724777738,0.003689740916018238,%,Estimated,Africa,Eastern Africa,Republic of Burundi
BDI,2017,EJ Events,0.9684642497790812,0.0032719574003977157,%,Estimated,Africa,Eastern Africa,Republic of Burundi
BDI,2022,EJ Events,0.9696815127394763,0.0031456616083650767,%,Estimated,Africa,Eastern Africa,Republic of Burundi
BEL,2007,EJ Events,0.9602056525401583,0.0041288191577208,%,EJ Atlas,Europe,Western Europe,Kingdom of Belgium
BEL,2012,EJ Events,0.974874371859297,0.0026068821689259,%,EJ Atlas,Europe,Western Europe,Kingdom of Belgium
BEL,2017,EJ Events,0.9799036885847088,0.0020850708924103,%,EJ Atlas,Europe,Western Europe,Kingdom of Belgium
BEL,2022,EJ Events,0.97445386721567,0.0026505111700113,%,EJ Atlas,Europe,Western Europe,Kingdom of Belgium
BEN,2007,EJ Events,1.0,0.0,%,EJ Atlas,Africa,Western Africa,Republic of Benin
BEN,2012,EJ Events,0.9949748743718603,0.0005213764337851,%,EJ Atlas,Africa,Western Africa,Republic of Benin
BEN,2017,EJ Events,0.9919614754338837,0.0008340283569641,%,EJ Atlas,Africa,Western Africa,Republic of Benin
BEN,2022,EJ Events,0.9927011049187631,0.0007572889057175,%,EJ Atlas,Africa,Western Africa,Republic of Benin
BFA,2007,EJ Events,0.9920411305080322,0.0008257638315441,%,EJ Atlas,Africa,Western Africa,Burkina Faso
BFA,2012,EJ Events,0.9899497487437194,0.0010427528675703,%,EJ Atlas,Africa,Western Africa,Burkina Faso
BFA,2017,EJ Events,0.9839229508677674,0.0016680567139282,%,EJ Atlas,Africa,Western Africa,Burkina Faso
BFA,2022,EJ Events,0.9854022098375259,0.001514577811435,%,EJ Atlas,Africa,Western Africa,Burkina Faso
BGD,2007,EJ Events,0.9204113050803157,0.0082576383154417,%,EJ Atlas,Asia,Southern Asia,People's Republic of Bangladesh
BGD,2012,EJ Events,0.9246231155778902,0.0078206465067778,%,EJ Atlas,Asia,Southern Asia,People's Republic of Bangladesh
BGD,2017,EJ Events,0.9276532789049503,0.0075062552126772,%,EJ Atlas,Asia,Southern Asia,People's Republic of Bangladesh
BGD,2022,EJ Events,0.9343099442688649,0.0068156001514577,%,EJ Atlas,Asia,Southern Asia,People's Republic of Bangladesh
BGR,2007,EJ Events,0.9283701745722834,0.0074318744838976,%,EJ Atlas,Europe,Eastern Europe,Republic of Bulgaria
BGR,2012,EJ Events,0.9346733668341709,0.0067778936392075,%,EJ Atlas,Europe,Eastern Europe,Republic of Bulgaria
BGR,2017,EJ Events,0.9397110657541252,0.006255212677231,%,EJ Atlas,Europe,Eastern Europe,Republic of Bulgaria
BGR,2022,EJ Events,0.9416088393501019,0.0060583112457402,%,EJ Atlas,Europe,Eastern Europe,Republic of Bulgaria
BHR,2007,EJ Events,0.9920411305080322,0.0008257638315441,%,EJ Atlas,Asia,Western Asia,Kingdom of Bahrain
BHR,2012,EJ Events,0.9949748743718603,0.0005213764337851,%,EJ Atlas,Asia,Western Asia,Kingdom of Bahrain
BHR,2017,EJ Events,0.9959807377169423,0.000417014178482,%,EJ Atlas,Asia,Western Asia,Kingdom of Bahrain
BHR,2022,EJ Events,0.9963505524593819,0.0003786444528587,%,EJ Atlas,Asia,Western Asia,Kingdom of Bahrain
BHS,2007,EJ Events,0.9900514131350399,0.001032204789430175,%,Estimated,America,Caribbean,Commonwealth of the Bahamas
BHS,2012,EJ Events,0.9924623115577896,0.000782064650677725,%,Estimated,America,Caribbean,Commonwealth of the Bahamas
BHS,2017,EJ Events,0.9899518442923547,0.0010425354462051124,%,Estimated,America,Caribbean,Commonwealth of the Bahamas
BHS,2022,EJ Events,0.9904202002058765,0.0009939416887541999,%,Estimated,America,Caribbean,Commonwealth of the Bahamas
BIH,2007,EJ Events,0.9920411305080322,0.0008257638315441,%,EJ Atlas,Europe,Southern Europe,Bosnia and Herzegovina
BIH,2012,EJ Events,0.9798994974874379,0.0020855057351407,%,EJ Atlas,Europe,Southern Europe,Bosnia and Herzegovina
BIH,2017,EJ Events,0.9718651640185924,0.0029190992493744,%,EJ Atlas,Europe,Southern Europe,Bosnia and Herzegovina
BIH,2022,EJ Events,0.970804419675051,0.0030291556228701,%,EJ Atlas,Europe,Southern Europe,Bosnia and Herzegovina
BLR,2007,EJ Events,1.0,0.0,%,EJ Atlas,Europe,Eastern Europe,Republic of Belarus
BLR,2012,EJ Events,0.9949748743718603,0.0005213764337851,%,EJ Atlas,Europe,Eastern Europe,Republic of Belarus
BLR,2017,EJ Events,0.9959807377169423,0.000417014178482,%,EJ Atlas,Europe,Eastern Europe,Republic of Belarus
BLR,2022,EJ Events,0.9963505524593819,0.0003786444528587,%,EJ Atlas,Europe,Eastern Europe,Republic of Belarus
BLZ,2007,EJ Events,0.9761233915240949,0.0024772914946325,%,EJ Atlas,America,Central America,Belize
BLZ,2012,EJ Events,0.9849246231155787,0.0015641293013555,%,EJ Atlas,America,Central America,Belize
BLZ,2017,EJ Events,0.9879422131508251,0.0012510425354462,%,EJ Atlas,America,Central America,Belize
BLZ,2022,EJ Events,0.9890516573781449,0.0011359333585762,%,EJ Atlas,America,Central America,Belize
BMU,2007,EJ Events,0.7744986977275591,0.023396641893751666,%,Estimated,America,Northern America,Bermuda
BMU,2012,EJ Events,0.7973199329983256,0.0210288494960027,%,Estimated,America,Northern America,Bermuda
BMU,2017,EJ Events,0.7776008203374392,0.023074784542674434,%,Estimated,America,Northern America,Bermuda
BMU,2022,EJ Events,0.7640023923733275,0.0244856746182001,%,Estimated,America,Northern America,Bermuda
BOL,2007,EJ Events,0.8408226101606303,0.0165152766308835,%,EJ Atlas,America,South America,Plurinational State of Bolivia
BOL,2012,EJ Events,0.8291457286432166,0.0177267987486965,%,EJ Atlas,America,South America,Plurinational State of Bolivia
BOL,2017,EJ Events,0.8512872955268421,0.0154295246038365,%,EJ Atlas,America,South America,Plurinational State of Bolivia
BOL,2022,EJ Events,0.86497044099711,0.0140098447557743,%,EJ Atlas,America,South America,Plurinational State of Bolivia
BRA,2007,EJ Events,0.4030847881023618,0.0619322873658133,%,EJ Atlas,America,South America,Federative Republic of Brazil
BRA,2012,EJ Events,0.4170854271356787,0.0604796663190823,%,EJ Atlas,America,South America,Federative Republic of Brazil
BRA,2017,EJ Events,0.48553442776853417,0.0533778148457047,%,EJ Atlas,America,South America,Federative Republic of Brazil
BRA,2022,EJ Events,0.49637623939462566,0.0522529344945096,%,EJ Atlas,America,South America,Federative Republic of Brazil
BRB,2007,EJ Events,0.9900514131350399,0.001032204789430175,%,Estimated,America,Caribbean,Barbados
BRB,2012,EJ Events,0.9924623115577896,0.000782064650677725,%,Estimated,America,Caribbean,Barbados
BRB,2017,EJ Events,0.9899518442923547,0.0010425354462051124,%,Estimated,America,Caribbean,Barbados
BRB,2022,EJ Events,0.9904202002058765,0.0009939416887541999,%,Estimated,America,Caribbean,Barbados
BRN,2007,EJ Events,0.8770796822907087,0.01275346362051561,%,Estimated,Asia,South-eastern Asia,"Nation of Brunei, Abode of Peace"
BRN,2012,EJ Events,0.88498045784478,0.011933727262194355,%,Estimated,Asia,South-eastern Asia,"Nation of Brunei, Abode of Peace"
BRN,2017,EJ Events,0.8807618856026034,0.012371420628301311,%,Estimated,Asia,South-eastern Asia,"Nation of Brunei, Abode of Peace"
BRN,2022,EJ Events,0.8824066903578438,0.012200765703226833,%,Estimated,Asia,South-eastern Asia,"Nation of Brunei, Abode of Peace"
BTN,2007,EJ Events,0.8517660557120869,0.015379851362510275,%,Estimated,Asia,Southern Asia,Kingdom of Bhutan
BTN,2012,EJ Events,0.8442211055276387,0.0161626694473409,%,Estimated,Asia,Southern Asia,Kingdom of Bhutan
BTN,2017,EJ Events,0.8402343242484318,0.016576313594662172,%,Estimated,Asia,Southern Asia,Kingdom of Bhutan
BTN,2022,EJ Events,0.846723203294017,0.0159030670200681,%,Estimated,Asia,Southern Asia,Kingdom of Bhutan
BWA,2007,EJ Events,0.9761233915240949,0.0024772914946325,%,EJ Atlas,Africa,Southern Africa,Republic of Botswana
BWA,2012,EJ Events,0.9849246231155787,0.0015641293013555,%,EJ Atlas,Africa,Southern Africa,Republic of Botswana
BWA,2017,EJ Events,0.9879422131508251,0.0012510425354462,%,EJ Atlas,Africa,Southern Africa,Republic of Botswana
BWA,2022,EJ Events,0.9890516573781449,0.0011359333585762,%,EJ Atlas,Africa,Southern Africa,Republic of Botswana
CAF,2007,EJ Events,0.982945279660068,0.0017694939247374713,%,Estimated,Africa,Middle Africa,Central African Republic
CAF,2012,EJ Events,0.982053122756641,0.0018620586920899001,%,Estimated,Africa,Middle Africa,Central African Republic
CAF,2017,EJ Events,0.9839229508677672,0.0016680567139282286,%,Estimated,Africa,Middle Africa,Central African Republic
CAF,2022,EJ Events,0.9838381608915465,0.0016768540055173285,%,Estimated,Africa,Middle Africa,Central African Republic
CAN,2007,EJ Events,0.8726580881285042,0.0132122213047068,%,EJ Atlas,America,Northern America,Canada
CAN,2012,EJ Events,0.8492462311557796,0.0156412930135557,%,EJ Atlas,America,Northern America,Canada
CAN,2017,EJ Events,0.8271717218284922,0.0179316096747289,%,EJ Atlas,America,Northern America,Canada
CAN,2022,EJ Events,0.8065792803472118,0.0200681560015145,%,EJ Atlas,America,Northern America,Canada
CHE,2007,EJ Events,0.9920411305080322,0.0008257638315441,%,EJ Atlas,Europe,Western Europe,Swiss Confederation
CHE,2012,EJ Events,0.9949748743718603,0.0005213764337851,%,EJ Atlas,Europe,Western Europe,Swiss Confederation
CHE,2017,EJ Events,0.9959807377169423,0.000417014178482,%,EJ Atlas,Europe,Western Europe,Swiss Confederation
CHE,2022,EJ Events,0.9963505524593819,0.0003786444528587,%,EJ Atlas,Europe,Western Europe,Swiss Confederation
CHL,2007,EJ Events,0.8567403491445668,0.0148637489677952,%,EJ Atlas,America,South America,Republic of Chile
CHL,2012,EJ Events,0.8693467336683418,0.013555787278415,%,EJ Atlas,America,South America,Republic of Chile
CHL,2017,EJ Events,0.8593258200929593,0.0145954962468723,%,EJ Atlas,America,South America,Republic of Chile
CHL,2022,EJ Events,0.8576715459158728,0.0147671336614918,%,EJ Atlas,America,South America,Republic of Chile
CHN,2007,EJ Events,0.8567403491445668,0.0148637489677952,%,EJ Atlas,Asia,Eastern Asia,People's Republic of China
CHN,2012,EJ Events,0.7336683417085427,0.0276329509906152,%,EJ Atlas,Asia,Eastern Asia,People's Republic of China
CHN,2017,EJ Events,0.6864975419214504,0.0325271059216013,%,EJ Atlas,Asia,Eastern Asia,People's Republic of China
CHN,2022,EJ Events,0.6897969590474148,0.032184778492995,%,EJ Atlas,Asia,Eastern Asia,People's Republic of China
CIV,2007,EJ Events,0.9920411305080322,0.0008257638315441,%,EJ Atlas,Africa,Western Africa,Republic of Côte d'Ivoire
CIV,2012,EJ Events,0.9949748743718603,0.0005213764337851,%,EJ Atlas,Africa,Western Africa,Republic of Côte d'Ivoire
CIV,2017,EJ Events,0.9959807377169423,0.000417014178482,%,EJ Atlas,Africa,Western Africa,Republic of Côte d'Ivoire
CIV,2022,EJ Events,0.9963505524593819,0.0003786444528587,%,EJ Atlas,Africa,Western Africa,Republic of Côte d'Ivoire
CMR,2007,EJ Events,0.9681645220321261,0.0033030553261767,%,EJ Atlas,Africa,Middle Africa,Republic of Cameroon
CMR,2012,EJ Events,0.9547738693467339,0.0046923879040667,%,EJ Atlas,Africa,Middle Africa,Republic of Cameroon
CMR,2017,EJ Events,0.9638266394524752,0.0037531276063386,%,EJ Atlas,Africa,Middle Africa,Republic of Cameroon
CMR,2022,EJ Events,0.9671549721344329,0.0034078000757288,%,EJ Atlas,Africa,Middle Africa,Republic of Cameroon
COD,2007,EJ Events,0.9522467830481895,0.004954582989265,%,EJ Atlas,Africa,Middle Africa,Democratic Republic of the Congo
COD,2012,EJ Events,0.9547738693467339,0.0046923879040667,%,EJ Atlas,Africa,Middle Africa,Democratic Republic of the Congo
COD,2017,EJ Events,0.9557881148863588,0.0045871559633027,%,EJ Atlas,Africa,Middle Africa,Democratic Republic of the Congo
COD,2022,EJ Events,0.959856077053195,0.0041650889814464,%,EJ Atlas,Africa,Middle Africa,Democratic Republic of the Congo
COG,2007,EJ Events,0.9920411305080322,0.0008257638315441,%,EJ Atlas,Africa,Middle Africa,Republic of the Congo
COG,2012,EJ Events,0.9949748743718603,0.0005213764337851,%,EJ Atlas,Africa,Middle Africa,Republic of the Congo
COG,2017,EJ Events,0.9919614754338837,0.0008340283569641,%,EJ Atlas,Africa,Middle Africa,Republic of the Congo
COG,2022,EJ Events,0.9890516573781449,0.0011359333585762,%,EJ Atlas,Africa,Middle Africa,Republic of the Congo
COL,2007,EJ Events,0.5383855694658263,0.0478943022295623,%,EJ Atlas,America,South America,Republic of Colombia
COL,2012,EJ Events,0.4824120603015078,0.0537017726798748,%,EJ Atlas,America,South America,Republic of Colombia
COL,2017,EJ Events,0.5538618865805262,0.0462885738115095,%,EJ Atlas,America,South America,Republic of Colombia
COL,2022,EJ Events,0.5839629803694737,0.0431654676258992,%,EJ Atlas,America,South America,Republic of Colombia
COM,2007,EJ Events,0.9724500671431863,0.002858413263037492,%,Estimated,Africa,Eastern Africa,Union of the Comoros
COM,2012,EJ Events,0.9644375724777738,0.003689740916018238,%,Estimated,Africa,Eastern Africa,Union of the Comoros
COM,2017,EJ Events,0.9684642497790812,0.0032719574003977157,%,Estimated,Africa,Eastern Africa,Union of the Comoros
COM,2022,EJ Events,0.9696815127394763,0.0031456616083650767,%,Estimated,Africa,Eastern Africa,Union of the Comoros
CPV,2007,EJ Events,0.9761233915240949,0.0024772914946324933,%,Estimated,Africa,Western Africa,Republic of Cabo Verde
CPV,2012,EJ Events,0.9685092127303189,0.0032672923183871467,%,Estimated,Africa,Western Africa,Republic of Cabo Verde
CPV,2017,EJ Events,0.9681138525544043,0.0033083124826243666,%,Estimated,Africa,Western Africa,Republic of Cabo Verde
CPV,2022,EJ Events,0.9698312336642196,0.00313012747696574,%,Estimated,Africa,Western Africa,Republic of Cabo Verde
CRI,2007,EJ Events,0.9522467830481895,0.004954582989265,%,EJ Atlas,America,Central America,Republic of Costa Rica
CRI,2012,EJ Events,0.9597989949748748,0.0041710114702815,%,EJ Atlas,America,Central America,Republic of Costa Rica
CRI,2017,EJ Events,0.9517688526033002,0.0050041701417848,%,EJ Atlas,America,Central America,Republic of Costa Rica
CRI,2022,EJ Events,0.956206629512577,0.0045437334343051,%,EJ Atlas,America,Central America,Republic of Costa Rica
CUB,2007,EJ Events,0.9761233915240949,0.0024772914946325,%,EJ Atlas,America,Caribbean,Republic of Cuba
CUB,2012,EJ Events,0.9849246231155787,0.0015641293013555,%,EJ Atlas,America,Caribbean,Republic of Cuba
CUB,2017,EJ Events,0.9839229508677674,0.0016680567139282,%,EJ Atlas,America,Caribbean,Republic of Cuba
CUB,2022,EJ Events,0.9854022098375259,0.001514577811435,%,EJ Atlas,America,Caribbean,Republic of Cuba
CUW,2007,EJ Events,0.9920411305080322,0.0008257638315441,%,EJ Atlas,America,Caribbean,Country of Curaçao
CUW,2012,EJ Events,0.9949748743718603,0.0005213764337851,%,EJ Atlas,America,Caribbean,Country of Curaçao
CUW,2017,EJ Events,0.9959807377169423,0.000417014178482,%,EJ Atlas,America,Caribbean,Country of Curaçao
CUW,2022,EJ Events,0.9963505524593819,0.0003786444528587,%,EJ Atlas,America,Caribbean,Country of Curaçao
CYM,2007,EJ Events,0.9900514131350399,0.001032204789430175,%,Estimated,America,Caribbean,Cayman Islands
CYM,2012,EJ Events,0.9924623115577896,0.000782064650677725,%,Estimated,America,Caribbean,Cayman Islands
CYM,2017,EJ Events,0.9899518442923547,0.0010425354462051124,%,Estimated,America,Caribbean,Cayman Islands
CYM,2022,EJ Events,0.9904202002058765,0.0009939416887541999,%,Estimated,America,Caribbean,Cayman Islands
CYP,2007,EJ Events,0.9920411305080322,0.0008257638315441,%,EJ Atlas,Asia,Western Asia,Republic of Cyprus
CYP,2012,EJ Events,0.9949748743718603,0.0005213764337851,%,EJ Atlas,Asia,Western Asia,Republic of Cyprus
CYP,2017,EJ Events,0.9959807377169423,0.000417014178482,%,EJ Atlas,Asia,Western Asia,Republic of Cyprus
CYP,2022,EJ Events,0.9963505524593819,0.0003786444528587,%,EJ Atlas,Asia,Western Asia,Republic of Cyprus
CZE,2007,EJ Events,0.9920411305080322,0.0008257638315441,%,EJ Atlas,Europe,Eastern Europe,Czech Republic
CZE,2012,EJ Events,0.9949748743718603,0.0005213764337851,%,EJ Atlas,Europe,Eastern Europe,Czech Republic
CZE,2017,EJ Events,0.9959807377169423,0.000417014178482,%,EJ Atlas,Europe,Eastern Europe,Czech Republic
CZE,2022,EJ Events,0.9963505524593819,0.0003786444528587,%,EJ Atlas,Europe,Eastern Europe,Czech Republic
DEU,2007,EJ Events,0.9044935660963781,0.0099091659785301,%,EJ Atlas,Europe,Western Europe,Federal Republic of Germany
DEU,2012,EJ Events,0.9346733668341709,0.0067778936392075,%,EJ Atlas,Europe,Western Europe,Federal Republic of Germany
DEU,2017,EJ Events,0.9437303280371838,0.0058381984987489,%,EJ Atlas,Europe,Western Europe,Federal Republic of Germany
DEU,2022,EJ Events,0.9452582868907209,0.0056796667928814,%,EJ Atlas,Europe,Western Europe,Federal Republic of Germany
DJI,2007,EJ Events,0.9724500671431863,0.002858413263037492,%,Estimated,Africa,Eastern Africa,Republic of Djibouti
DJI,2012,EJ Events,0.9644375724777738,0.003689740916018238,%,Estimated,Africa,Eastern Africa,Republic of Djibouti
DJI,2017,EJ Events,0.9684642497790812,0.0032719574003977157,%,Estimated,Africa,Eastern Africa,Republic of Djibouti
DJI,2022,EJ Events,0.9696815127394763,0.0031456616083650767,%,Estimated,Africa,Eastern Africa,Republic of Djibouti
DMA,2007,EJ Events,0.9900514131350399,0.001032204789430175,%,Estimated,America,Caribbean,Commonwealth of Dominica
DMA,2012,EJ Events,0.9924623115577896,0.000782064650677725,%,Estimated,America,Caribbean,Commonwealth of Dominica
DMA,2017,EJ Events,0.9899518442923547,0.0010425354462051124,%,Estimated,America,Caribbean,Commonwealth of Dominica
DMA,2022,EJ Events,0.9904202002058765,0.0009939416887541999,%,Estimated,America,Caribbean,Commonwealth of Dominica
DNK,2007,EJ Events,1.0,0.0,%,EJ Atlas,Europe,Northern Europe,Kingdom of Denmark
DNK,2012,EJ Events,0.9949748743718603,0.0005213764337851,%,EJ Atlas,Europe,Northern Europe,Kingdom of Denmark
DNK,2017,EJ Events,0.9839229508677674,0.0016680567139282,%,EJ Atlas,Europe,Northern Europe,Kingdom of Denmark
DNK,2022,EJ Events,0.9854022098375259,0.001514577811435,%,EJ Atlas,Europe,Northern Europe,Kingdom of Denmark
DOM,2007,EJ Events,0.9920411305080322,0.0008257638315441,%,EJ Atlas,America,Caribbean,Dominican Republic
DOM,2012,EJ Events,0.9849246231155787,0.0015641293013555,%,EJ Atlas,America,Caribbean,Dominican Republic
DOM,2017,EJ Events,0.9799036885847088,0.0020850708924103,%,EJ Atlas,America,Caribbean,Dominican Republic
DOM,2022,EJ Events,0.981752762296907,0.0018932222642938,%,EJ Atlas,America,Caribbean,Dominican Republic
DZA,2007,EJ Events,0.9840822610160634,0.0016515276630883,%,EJ Atlas,Africa,Northern Africa,People's Democratic Republic of Algeria
DZA,2012,EJ Events,0.974874371859297,0.0026068821689259,%,EJ Atlas,Africa,Northern Africa,People's Democratic Republic of Algeria
DZA,2017,EJ Events,0.9758844263016501,0.0025020850708924,%,EJ Atlas,Africa,Northern Africa,People's Democratic Republic of Algeria
DZA,2022,EJ Events,0.978103314756289,0.0022718667171525,%,EJ Atlas,Africa,Northern Africa,People's Democratic Republic of Algeria
ECU,2007,EJ Events,0.7373573067650397,0.0272502064409578,%,EJ Atlas,America,South America,Republic of Ecuador
ECU,2012,EJ Events,0.7788944723618096,0.0229405630865484,%,EJ Atlas,America,South America,Republic of Ecuador
ECU,2017,EJ Events,0.8231524595454336,0.018348623853211,%,EJ Atlas,America,South America,Republic of Ecuador
ECU,2022,EJ Events,0.8394243082127798,0.0166603559257856,%,EJ Atlas,America,South America,Republic of Ecuador
EGY,2007,EJ Events,0.9522467830481895,0.004954582989265,%,EJ Atlas,Africa,Northern Africa,Arab Republic of Egypt
EGY,2012,EJ Events,0.9396984924623117,0.0062565172054223,%,EJ Atlas,Africa,Northern Africa,Arab Republic of Egypt
EGY,2017,EJ Events,0.9437303280371838,0.0058381984987489,%,EJ Atlas,Africa,Northern Africa,Arab Republic of Egypt
EGY,2022,EJ Events,0.9452582868907209,0.0056796667928814,%,EJ Atlas,Africa,Northern Africa,Arab Republic of Egypt
ERI,2007,EJ Events,0.9724500671431863,0.002858413263037492,%,Estimated,Africa,Eastern Africa,State of Eritrea
ERI,2012,EJ Events,0.9644375724777738,0.003689740916018238,%,Estimated,Africa,Eastern Africa,State of Eritrea
ERI,2017,EJ Events,0.9684642497790812,0.0032719574003977157,%,Estimated,Africa,Eastern Africa,State of Eritrea
ERI,2022,EJ Events,0.9696815127394763,0.0031456616083650767,%,Estimated,Africa,Eastern Africa,State of Eritrea
ESP,2007,EJ Events,0.6896040898132282,0.0322047894302229,%,EJ Atlas,Europe,Southern Europe,Kingdom of Spain
ESP,2012,EJ Events,0.7537688442211058,0.0255474452554744,%,EJ Atlas,Europe,Southern Europe,Kingdom of Spain
ESP,2017,EJ Events,0.782959836714851,0.0225187656380316,%,EJ Atlas,Europe,Southern Europe,Kingdom of Spain
ESP,2022,EJ Events,0.7737342524816438,0.0234759560772434,%,EJ Atlas,Europe,Southern Europe,Kingdom of Spain
EST,2007,EJ Events,0.9920411305080322,0.0008257638315441,%,EJ Atlas,Europe,Northern Europe,Republic of Estonia
EST,2012,EJ Events,0.9949748743718603,0.0005213764337851,%,EJ Atlas,Europe,Northern Europe,Republic of Estonia
EST,2017,EJ Events,0.9879422131508251,0.0012510425354462,%,EJ Atlas,Europe,Northern Europe,Republic of Estonia
EST,2022,EJ Events,0.9890516573781449,0.0011359333585762,%,EJ Atlas,Europe,Northern Europe,Republic of Estonia
ETH,2007,EJ Events,0.9920411305080322,0.0008257638315441,%,EJ Atlas,Africa,Eastern Africa,Federal Democratic Republic of Ethiopia
ETH,2012,EJ Events,0.9698492462311563,0.0031282586027111,%,EJ Atlas,Africa,Eastern Africa,Federal Democratic Republic of Ethiopia
ETH,2017,EJ Events,0.9718651640185924,0.0029190992493744,%,EJ Atlas,Africa,Eastern Africa,Federal Democratic Republic of Ethiopia
ETH,2022,EJ Events,0.97445386721567,0.0026505111700113,%,EJ Atlas,Africa,Eastern Africa,Federal Democratic Republic of Ethiopia
FIN,2007,EJ Events,0.9681645220321261,0.0033030553261767,%,EJ Atlas,Europe,Northern Europe,Republic of Finland
FIN,2012,EJ Events,0.974874371859297,0.0026068821689259,%,EJ Atlas,Europe,Northern Europe,Republic of Finland
FIN,2017,EJ Events,0.9758844263016501,0.0025020850708924,%,EJ Atlas,Europe,Northern Europe,Republic of Finland
FIN,2022,EJ Events,0.970804419675051,0.0030291556228701,%,EJ Atlas,Europe,Northern Europe,Republic of Finland
FJI,2007,EJ Events,0.9721439567781105,0.0028901734104046,%,Estimated,Oceania,Melanesia,Republic of Fiji
FJI,2012,EJ Events,0.977386934673367,0.00234619395203335,%,Estimated,Oceania,Melanesia,Republic of Fiji
FJI,2017,EJ Events,0.9819133197262375,0.0018765638031693,%,Estimated,Oceania,Melanesia,Republic of Fiji
FJI,2022,EJ Events,0.9817527622969074,0.00189322226429375,%,Estimated,Oceania,Melanesia,Republic of Fiji
FRA,2007,EJ Events,0.8885758271124418,0.0115606936416184,%,EJ Atlas,Europe,Western Europe,French Republic
FRA,2012,EJ Events,0.8743718592964826,0.0130344108446298,%,EJ Atlas,Europe,Western Europe,French Republic
FRA,2017,EJ Events,0.863345082376017,0.0141784820683903,%,EJ Atlas,Europe,Western Europe,French Republic
FRA,2022,EJ Events,0.8576715459158728,0.0147671336614918,%,EJ Atlas,Europe,Western Europe,French Republic
FRO,2007,EJ Events,0.9848781479652602,0.0015689512799339001,%,Estimated,Europe,Northern Europe,Faroe Islands
FRO,2012,EJ Events,0.9849246231155786,0.0015641293013555098,%,Estimated,Europe,Northern Europe,Faroe Islands
FRO,2017,EJ Events,0.9811094672696263,0.00195996663886567,%,Estimated,Europe,Northern Europe,Faroe Islands
FRO,2022,EJ Events,0.9802929832806598,0.00204468004543727,%,Estimated,Europe,Northern Europe,Faroe Islands
FSM,2007,EJ Events,0.9837761506509878,0.0016832878104553924,%,Estimated,Oceania,Micronesia,Federated States of Micronesia
FSM,2012,EJ Events,0.9835717046772329,0.001704499879682304,%,Estimated,Oceania,Micronesia,Federated States of Micronesia
FSM,2017,EJ Events,0.9859325820092962,0.0014595496246872,%,Estimated,Oceania,Micronesia,Federated States of Micronesia
FSM,2022,EJ Events,0.9845600296358447,0.0016019573005562654,%,Estimated,Oceania,Micronesia,Federated States of Micronesia
GAB,2007,EJ Events,0.9840822610160634,0.0016515276630883,%,EJ Atlas,Africa,Middle Africa,Gabonese Republic
GAB,2012,EJ Events,0.9849246231155787,0.0015641293013555,%,EJ Atlas,Africa,Middle Africa,Gabonese Republic
GAB,2017,EJ Events,0.9879422131508251,0.0012510425354462,%,EJ Atlas,Africa,Middle Africa,Gabonese Republic
GAB,2022,EJ Events,0.981752762296907,0.0018932222642938,%,EJ Atlas,Africa,Middle Africa,Gabonese Republic
GBR,2007,EJ Events,0.9681645220321261,0.0033030553261767,%,EJ Atlas,Europe,Northern Europe,United Kingdom of Great Britain and Northern Ireland
GBR,2012,EJ Events,0.9547738693467339,0.0046923879040667,%,EJ Atlas,Europe,Northern Europe,United Kingdom of Great Britain and Northern Ireland
GBR,2017,EJ Events,0.9437303280371838,0.0058381984987489,%,EJ Atlas,Europe,Northern Europe,United Kingdom of Great Britain and Northern Ireland
GBR,2022,EJ Events,0.9416088393501019,0.0060583112457402,%,EJ Atlas,Europe,Northern Europe,United Kingdom of Great Britain and Northern Ireland
GEO,2007,EJ Events,0.9840822610160634,0.0016515276630883,%,EJ Atlas,Asia,Western Asia,Georgia
GEO,2012,EJ Events,0.9899497487437194,0.0010427528675703,%,EJ Atlas,Asia,Western Asia,Georgia
GEO,2017,EJ Events,0.9879422131508251,0.0012510425354462,%,EJ Atlas,Asia,Western Asia,Georgia
GEO,2022,EJ Events,0.9890516573781449,0.0011359333585762,%,EJ Atlas,Asia,Western Asia,Georgia
GHA,2007,EJ Events,0.936329044064252,0.0066061106523534,%,EJ Atlas,Africa,Western Africa,Republic of Ghana
GHA,2012,EJ Events,0.9547738693467339,0.0046923879040667,%,EJ Atlas,Africa,Western Africa,Republic of Ghana
GHA,2017,EJ Events,0.9557881148863588,0.0045871559633027,%,EJ Atlas,Africa,Western Africa,Republic of Ghana
GHA,2022,EJ Events,0.959856077053195,0.0041650889814464,%,EJ Atlas,Africa,Western Africa,Republic of Ghana
GIB,2007,EJ Events,0.9393901477150096,0.006288509178682531,%,Estimated,Europe,Southern Europe,Gibraltar
GIB,2012,EJ Events,0.9462698105914191,0.005574717253549315,%,Estimated,Europe,Southern Europe,Gibraltar
GIB,2017,EJ Events,0.9508413305379793,0.005100404182972939,%,Estimated,Europe,Southern Europe,Gibraltar
GIB,2022,EJ Events,0.9503113681008081,0.005155389858153907,%,Estimated,Europe,Southern Europe,Gibraltar
GIN,2007,EJ Events,0.9840822610160634,0.0016515276630883,%,EJ Atlas,Africa,Western Africa,Republic of Guinea
GIN,2012,EJ Events,0.9899497487437194,0.0010427528675703,%,EJ Atlas,Africa,Western Africa,Republic of Guinea
GIN,2017,EJ Events,0.9758844263016501,0.0025020850708924,%,EJ Atlas,Africa,Western Africa,Republic of Guinea
GIN,2022,EJ Events,0.978103314756289,0.0022718667171525,%,EJ Atlas,Africa,Western Africa,Republic of Guinea
GMB,2007,EJ Events,1.0,0.0,%,EJ Atlas,Africa,Western Africa,Republic of the Gambia
GMB,2012,EJ Events,1.0,0.0,%,EJ Atlas,Africa,Western Africa,Republic of the Gambia
GMB,2017,EJ Events,1.0,0.0,%,EJ Atlas,Africa,Western Africa,Republic of the Gambia
GMB,2022,EJ Events,0.9927011049187631,0.0007572889057175,%,EJ Atlas,Africa,Western Africa,Republic of the Gambia
GNB,2007,EJ Events,1.0,0.0,%,EJ Atlas,Africa,Western Africa,Republic of Guinea-Bissau
GNB,2012,EJ Events,0.9949748743718603,0.0005213764337851,%,EJ Atlas,Africa,Western Africa,Republic of Guinea-Bissau
GNB,2017,EJ Events,0.9959807377169423,0.000417014178482,%,EJ Atlas,Africa,Western Africa,Republic of Guinea-Bissau
GNB,2022,EJ Events,0.9963505524593819,0.0003786444528587,%,EJ Atlas,Africa,Western Africa,Republic of Guinea-Bissau
GNQ,2007,EJ Events,0.9920411305080322,0.0008257638315441,%,EJ Atlas,Africa,Middle Africa,Republic of Equatorial Guinea
GNQ,2012,EJ Events,0.9949748743718603,0.0005213764337851,%,EJ Atlas,Africa,Middle Africa,Republic of Equatorial Guinea
GNQ,2017,EJ Events,0.9959807377169423,0.000417014178482,%,EJ Atlas,Africa,Middle Africa,Republic of Equatorial Guinea
GNQ,2022,EJ Events,0.9963505524593819,0.0003786444528587,%,EJ Atlas,Africa,Middle Africa,Republic of Equatorial Guinea
GRC,2007,EJ Events,0.9522467830481895,0.004954582989265,%,EJ Atlas,Europe,Southern Europe,Hellenic Republic
GRC,2012,EJ Events,0.9346733668341709,0.0067778936392075,%,EJ Atlas,Europe,Southern Europe,Hellenic Republic
GRC,2017,EJ Events,0.9437303280371838,0.0058381984987489,%,EJ Atlas,Europe,Southern Europe,Hellenic Republic
GRC,2022,EJ Events,0.9489077344313389,0.0053010223400227,%,EJ Atlas,Europe,Southern Europe,Hellenic Republic
GRD,2007,EJ Events,0.9900514131350399,0.001032204789430175,%,Estimated,America,Caribbean,Grenada
GRD,2012,EJ Events,0.9924623115577896,0.000782064650677725,%,Estimated,America,Caribbean,Grenada
GRD,2017,EJ Events,0.9899518442923547,0.0010425354462051124,%,Estimated,America,Caribbean,Grenada
GRD,2022,EJ Events,0.9904202002058765,0.0009939416887541999,%,Estimated,America,Caribbean,Grenada
GRL,2007,EJ Events,0.9840822610160634,0.0016515276630883,%,EJ Atlas,America,Northern America,Greenland
GRL,2012,EJ Events,0.9899497487437194,0.0010427528675703,%,EJ Atlas,America,Northern America,Greenland
GRL,2017,EJ Events,0.9879422131508251,0.0012510425354462,%,EJ Atlas,America,Northern America,Greenland
GRL,2022,EJ Events,0.9890516573781449,0.0011359333585762,%,EJ Atlas,America,Northern America,Greenland
GTM,2007,EJ Events,0.9044935660963781,0.0099091659785301,%,EJ Atlas,America,Central America,Republic of Guatemala
GTM,2012,EJ Events,0.8944723618090457,0.010948905109489,%,EJ Atlas,America,Central America,Republic of Guatemala
GTM,2017,EJ Events,0.8995184429235418,0.0104253544620517,%,EJ Atlas,America,Central America,Republic of Guatemala
GTM,2022,EJ Events,0.9087638114845339,0.0094661113214691,%,EJ Atlas,America,Central America,Republic of Guatemala
GUM,2007,EJ Events,0.9837761506509878,0.0016832878104553924,%,Estimated,Oceania,Micronesia,Guam
GUM,2012,EJ Events,0.9835717046772329,0.001704499879682304,%,Estimated,Oceania,Micronesia,Guam
GUM,2017,EJ Events,0.9859325820092962,0.0014595496246872,%,Estimated,Oceania,Micronesia,Guam
GUM,2022,EJ Events,0.9845600296358447,0.0016019573005562654,%,Estimated,Oceania,Micronesia,Guam
GUY,2007,EJ Events,1.0,0.0,%,EJ Atlas,America,South America,Co-operative Republic of Guyana
GUY,2012,EJ Events,0.9949748743718603,0.0005213764337851,%,EJ Atlas,America,South America,Co-operative Republic of Guyana
GUY,2017,EJ Events,0.9959807377169423,0.000417014178482,%,EJ Atlas,America,South America,Co-operative Republic of Guyana
GUY,2022,EJ Events,0.9927011049187631,0.0007572889057175,%,EJ Atlas,America,South America,Co-operative Republic of Guyana
HKG,2007,EJ Events,0.9343393266912601,0.006812551610239425,%,Estimated,Asia,Eastern Asia,Hong Kong SAR
HKG,2012,EJ Events,0.9095477386934677,0.009384775808133424,%,Estimated,Asia,Eastern Asia,Hong Kong SAR
HKG,2017,EJ Events,0.8924847339281899,0.011155129274395301,%,Estimated,Asia,Eastern Asia,Hong Kong SAR
HKG,2022,EJ Events,0.8923412975517501,0.011170011359333525,%,Estimated,Asia,Eastern Asia,Hong Kong SAR
HND,2007,EJ Events,0.936329044064252,0.0066061106523534,%,EJ Atlas,America,Central America,Republic of Honduras
HND,2012,EJ Events,0.9246231155778902,0.0078206465067778,%,EJ Atlas,America,Central America,Republic of Honduras
HND,2017,EJ Events,0.9196147543388341,0.0083402835696413,%,EJ Atlas,America,Central America,Republic of Honduras
HND,2022,EJ Events,0.9270110491876269,0.0075728890571753,%,EJ Atlas,America,Central America,Republic of Honduras
HRV,2007,EJ Events,0.9442879135562208,0.0057803468208092,%,EJ Atlas,Europe,Southern Europe,Republic of Croatia
HRV,2012,EJ Events,0.9497487437185933,0.0052137643378519,%,EJ Atlas,Europe,Southern Europe,Republic of Croatia
HRV,2017,EJ Events,0.9557881148863588,0.0045871559633027,%,EJ Atlas,Europe,Southern Europe,Republic of Croatia
HRV,2022,EJ Events,0.9525571819719579,0.0049223778871639,%,EJ Atlas,Europe,Southern Europe,Republic of Croatia
HTI,2007,EJ Events,1.0,0.0,%,EJ Atlas,America,Caribbean,Republic of Haiti
HTI,2012,EJ Events,1.0,0.0,%,EJ Atlas,America,Caribbean,Republic of Haiti
HTI,2017,EJ Events,0.9959807377169423,0.000417014178482,%,EJ Atlas,America,Caribbean,Republic of Haiti
HTI,2022,EJ Events,0.9963505524593819,0.0003786444528587,%,EJ Atlas,America,Caribbean,Republic of Haiti
HUN,2007,EJ Events,0.9761233915240949,0.0024772914946325,%,EJ Atlas,Europe,Eastern Europe,Republic of Hungary
HUN,2012,EJ Events,0.9698492462311563,0.0031282586027111,%,EJ Atlas,Europe,Eastern Europe,Republic of Hungary
HUN,2017,EJ Events,0.9678459017355338,0.0033361134278565,%,EJ Atlas,Europe,Eastern Europe,Republic of Hungary
HUN,2022,EJ Events,0.970804419675051,0.0030291556228701,%,EJ Atlas,Europe,Eastern Europe,Republic of Hungary
IDN,2007,EJ Events,0.7055218287971647,0.0305532617671346,%,EJ Atlas,Asia,South-eastern Asia,Republic of Indonesia
IDN,2012,EJ Events,0.6934673366834174,0.0318039624608967,%,EJ Atlas,Asia,South-eastern Asia,Republic of Indonesia
IDN,2017,EJ Events,0.6704204927892169,0.0341951626355296,%,EJ Atlas,Asia,South-eastern Asia,Republic of Indonesia
IDN,2022,EJ Events,0.6751991688849398,0.0336993563044301,%,EJ Atlas,Asia,South-eastern Asia,Republic of Indonesia
IMN,2007,EJ Events,0.9848781479652602,0.0015689512799339001,%,Estimated,Europe,Northern Europe,Isle of Man
IMN,2012,EJ Events,0.9849246231155786,0.0015641293013555098,%,Estimated,Europe,Northern Europe,Isle of Man
IMN,2017,EJ Events,0.9811094672696263,0.00195996663886567,%,Estimated,Europe,Northern Europe,Isle of Man
IMN,2022,EJ Events,0.9802929832806598,0.00204468004543727,%,Estimated,Europe,Northern Europe,Isle of Man
IND,2007,EJ Events,0.05289453045574637,0.0982658959537572,%,EJ Atlas,Asia,Southern Asia,Republic of India
IND,2012,EJ Events,0.0,0.1037539103232533,%,EJ Atlas,Asia,Southern Asia,Republic of India
IND,2017,EJ Events,0.011261478367650922,0.1025854879065888,%,EJ Atlas,Asia,Southern Asia,Republic of India
IND,2022,EJ Events,0.05844253452038635,0.0976902688375615,%,EJ Atlas,Asia,Southern Asia,Republic of India
IRL,2007,EJ Events,0.9761233915240949,0.0024772914946325,%,EJ Atlas,Europe,Northern Europe,Ireland
IRL,2012,EJ Events,0.9849246231155787,0.0015641293013555,%,EJ Atlas,Europe,Northern Europe,Ireland
IRL,2017,EJ Events,0.9839229508677674,0.0016680567139282,%,EJ Atlas,Europe,Northern Europe,Ireland
IRL,2022,EJ Events,0.9854022098375259,0.001514577811435,%,EJ Atlas,Europe,Northern Europe,Ireland
IRN,2007,EJ Events,0.9920411305080322,0.0008257638315441,%,EJ Atlas,Asia,Southern Asia,Islamic Republic of Iran
IRN,2012,EJ Events,0.9899497487437194,0.0010427528675703,%,EJ Atlas,Asia,Southern Asia,Islamic Republic of Iran
IRN,2017,EJ Events,0.9879422131508251,0.0012510425354462,%,EJ Atlas,Asia,Southern Asia,Islamic Republic of Iran
IRN,2022,EJ Events,0.981752762296907,0.0018932222642938,%,EJ Atlas,Asia,Southern Asia,Islamic Republic of Iran
IRQ,2007,EJ Events,0.9761233915240949,0.0024772914946325,%,EJ Atlas,Asia,Western Asia,Republic of Iraq
IRQ,2012,EJ Events,0.9849246231155787,0.0015641293013555,%,EJ Atlas,Asia,Western Asia,Republic of Iraq
IRQ,2017,EJ Events,0.9839229508677674,0.0016680567139282,%,EJ Atlas,Asia,Western Asia,Republic of Iraq
IRQ,2022,EJ Events,0.981752762296907,0.0018932222642938,%,EJ Atlas,Asia,Western Asia,Republic of Iraq
ISL,2007,EJ Events,0.9920411305080322,0.0008257638315441,%,EJ Atlas,Europe,Northern Europe,Republic of Iceland
ISL,2012,EJ Events,0.9949748743718603,0.0005213764337851,%,EJ Atlas,Europe,Northern Europe,Republic of Iceland
ISL,2017,EJ Events,0.9959807377169423,0.000417014178482,%,EJ Atlas,Europe,Northern Europe,Republic of Iceland
ISL,2022,EJ Events,0.9963505524593819,0.0003786444528587,%,EJ Atlas,Europe,Northern Europe,Republic of Iceland
ISR,2007,EJ Events,0.9840822610160634,0.0016515276630883,%,EJ Atlas,Asia,Western Asia,State of Israel
ISR,2012,EJ Events,0.9899497487437194,0.0010427528675703,%,EJ Atlas,Asia,Western Asia,State of Israel
ISR,2017,EJ Events,0.9919614754338837,0.0008340283569641,%,EJ Atlas,Asia,Western Asia,State of Israel
ISR,2022,EJ Events,0.9927011049187631,0.0007572889057175,%,EJ Atlas,Asia,Western Asia,State of Israel
ITA,2007,EJ Events,0.9124524355883469,0.0090834021469859,%,EJ Atlas,Europe,Southern Europe,Italian Republic
ITA,2012,EJ Events,0.9095477386934679,0.0093847758081334,%,EJ Atlas,Europe,Southern Europe,Italian Republic
ITA,2017,EJ Events,0.9155954920557753,0.0087572977481234,%,EJ Atlas,Europe,Southern Europe,Italian Republic
ITA,2022,EJ Events,0.9160627065657709,0.0087088224157516,%,EJ Atlas,Europe,Southern Europe,Italian Republic
JAM,2007,EJ Events,0.9920411305080322,0.0008257638315441,%,EJ Atlas,America,Caribbean,Jamaica
JAM,2012,EJ Events,0.9949748743718603,0.0005213764337851,%,EJ Atlas,America,Caribbean,Jamaica
JAM,2017,EJ Events,0.9919614754338837,0.0008340283569641,%,EJ Atlas,America,Caribbean,Jamaica
JAM,2022,EJ Events,0.9890516573781449,0.0011359333585762,%,EJ Atlas,America,Caribbean,Jamaica
JOR,2007,EJ Events,0.9840822610160634,0.0016515276630883,%,EJ Atlas,Asia,Western Asia,Hashemite Kingdom of Jordan
JOR,2012,EJ Events,0.9849246231155787,0.0015641293013555,%,EJ Atlas,Asia,Western Asia,Hashemite Kingdom of Jordan
JOR,2017,EJ Events,0.9879422131508251,0.0012510425354462,%,EJ Atlas,Asia,Western Asia,Hashemite Kingdom of Jordan
JOR,2022,EJ Events,0.9890516573781449,0.0011359333585762,%,EJ Atlas,Asia,Western Asia,Hashemite Kingdom of Jordan
JPN,2007,EJ Events,0.936329044064252,0.0066061106523534,%,EJ Atlas,Asia,Eastern Asia,Japan
JPN,2012,EJ Events,0.9597989949748748,0.0041710114702815,%,EJ Atlas,Asia,Eastern Asia,Japan
JPN,2017,EJ Events,0.9437303280371838,0.0058381984987489,%,EJ Atlas,Asia,Eastern Asia,Japan
JPN,2022,EJ Events,0.9416088393501019,0.0060583112457402,%,EJ Atlas,Asia,Eastern Asia,Japan
KAZ,2007,EJ Events,0.9761233915240949,0.0024772914946325,%,EJ Atlas,Asia,Central Asia,Republic of Kazakhstan
KAZ,2012,EJ Events,0.974874371859297,0.0026068821689259,%,EJ Atlas,Asia,Central Asia,Republic of Kazakhstan
KAZ,2017,EJ Events,0.9799036885847088,0.0020850708924103,%,EJ Atlas,Asia,Central Asia,Republic of Kazakhstan
KAZ,2022,EJ Events,0.981752762296907,0.0018932222642938,%,EJ Atlas,Asia,Central Asia,Republic of Kazakhstan
KEN,2007,EJ Events,0.9283701745722834,0.0074318744838976,%,EJ Atlas,Africa,Eastern Africa,Republic of Kenya
KEN,2012,EJ Events,0.9145728643216088,0.0088633993743482,%,EJ Atlas,Africa,Eastern Africa,Republic of Kenya
KEN,2017,EJ Events,0.9075569674896591,0.0095913261050875,%,EJ Atlas,Africa,Eastern Africa,Republic of Kenya
KEN,2022,EJ Events,0.9160627065657709,0.0087088224157516,%,EJ Atlas,Africa,Eastern Africa,Republic of Kenya
KGZ,2007,EJ Events,0.9761233915240949,0.0024772914946325,%,EJ Atlas,Asia,Central Asia,Kyrgyz Republic
KGZ,2012,EJ Events,0.974874371859297,0.0026068821689259,%,EJ Atlas,Asia,Central Asia,Kyrgyz Republic
KGZ,2017,EJ Events,0.9799036885847088,0.0020850708924103,%,EJ Atlas,Asia,Central Asia,Kyrgyz Republic
KGZ,2022,EJ Events,0.978103314756289,0.0022718667171525,%,EJ Atlas,Asia,Central Asia,Kyrgyz Republic
KHM,2007,EJ Events,0.9124524355883469,0.0090834021469859,%,EJ Atlas,Asia,South-eastern Asia,Kingdom of Cambodia
KHM,2012,EJ Events,0.8994974874371864,0.0104275286757038,%,EJ Atlas,Asia,South-eastern Asia,Kingdom of Cambodia
KHM,2017,EJ Events,0.9196147543388341,0.0083402835696413,%,EJ Atlas,Asia,South-eastern Asia,Kingdom of Cambodia
KHM,2022,EJ Events,0.9124132590251529,0.0090874668686103,%,EJ Atlas,Asia,South-eastern Asia,Kingdom of Cambodia
KIR,2007,EJ Events,0.9837761506509878,0.0016832878104553924,%,Estimated,Oceania,Micronesia,Republic of Kiribati
KIR,2012,EJ Events,0.9835717046772329,0.001704499879682304,%,Estimated,Oceania,Micronesia,Republic of Kiribati
KIR,2017,EJ Events,0.9859325820092962,0.0014595496246872,%,Estimated,Oceania,Micronesia,Republic of Kiribati
KIR,2022,EJ Events,0.9845600296358447,0.0016019573005562654,%,Estimated,Oceania,Micronesia,Republic of Kiribati
KNA,2007,EJ Events,0.9900514131350399,0.001032204789430175,%,Estimated,America,Caribbean,Saint Kitts and Nevis
KNA,2012,EJ Events,0.9924623115577896,0.000782064650677725,%,Estimated,America,Caribbean,Saint Kitts and Nevis
KNA,2017,EJ Events,0.9899518442923547,0.0010425354462051124,%,Estimated,America,Caribbean,Saint Kitts and Nevis
KNA,2022,EJ Events,0.9904202002058765,0.0009939416887541999,%,Estimated,America,Caribbean,Saint Kitts and Nevis
KOR,2007,EJ Events,0.9602056525401583,0.0041288191577208,%,EJ Atlas,Asia,Eastern Asia,Republic of Korea
KOR,2012,EJ Events,0.9648241206030155,0.0036496350364963,%,EJ Atlas,Asia,Eastern Asia,Republic of Korea
KOR,2017,EJ Events,0.9638266394524752,0.0037531276063386,%,EJ Atlas,Asia,Eastern Asia,Republic of Korea
KOR,2022,EJ Events,0.9671549721344329,0.0034078000757288,%,EJ Atlas,Asia,Eastern Asia,Republic of Korea
KWT,2007,EJ Events,0.9920411305080322,0.0008257638315441,%,EJ Atlas,Asia,Western Asia,State of Kuwait
KWT,2012,EJ Events,0.9949748743718603,0.0005213764337851,%,EJ Atlas,Asia,Western Asia,State of Kuwait
KWT,2017,EJ Events,0.9959807377169423,0.000417014178482,%,EJ Atlas,Asia,Western Asia,State of Kuwait
KWT,2022,EJ Events,0.9963505524593819,0.0003786444528587,%,EJ Atlas,Asia,Western Asia,State of Kuwait
LAO,2007,EJ Events,0.9761233915240949,0.0024772914946325,%,EJ Atlas,Asia,South-eastern Asia,Lao People's Democratic Republic
LAO,2012,EJ Events,0.9798994974874379,0.0020855057351407,%,EJ Atlas,Asia,South-eastern Asia,Lao People's Democratic Republic
LAO,2017,EJ Events,0.9718651640185924,0.0029190992493744,%,EJ Atlas,Asia,South-eastern Asia,Lao People's Democratic Republic
LAO,2022,EJ Events,0.97445386721567,0.0026505111700113,%,EJ Atlas,Asia,South-eastern Asia,Lao People's Democratic Republic
LBN,2007,EJ Events,0.9840822610160634,0.0016515276630883,%,EJ Atlas,Asia,Western Asia,Lebanese Republic
LBN,2012,EJ Events,0.9899497487437194,0.0010427528675703,%,EJ Atlas,Asia,Western Asia,Lebanese Republic
LBN,2017,EJ Events,0.9517688526033002,0.0050041701417848,%,EJ Atlas,Asia,Western Asia,Lebanese Republic
LBN,2022,EJ Events,0.956206629512577,0.0045437334343051,%,EJ Atlas,Asia,Western Asia,Lebanese Republic
LBR,2007,EJ Events,0.9840822610160634,0.0016515276630883,%,EJ Atlas,Africa,Western Africa,Republic of Liberia
LBR,2012,EJ Events,0.9648241206030155,0.0036496350364963,%,EJ Atlas,Africa,Western Africa,Republic of Liberia
LBR,2017,EJ Events,0.9718651640185924,0.0029190992493744,%,EJ Atlas,Africa,Western Africa,Republic of Liberia
LBR,2022,EJ Events,0.97445386721567,0.0026505111700113,%,EJ Atlas,Africa,Western Africa,Republic of Liberia
LBY,2007,EJ Events,0.9713480698289136,0.002972749793559,%,Estimated,Africa,Northern Africa,State of Libya
LBY,2012,EJ Events,0.9628140703517593,0.0038581856100103804,%,Estimated,Africa,Northern Africa,State of Libya
LBY,2017,EJ Events,0.9614150820826404,0.004003336113427821,%,Estimated,Africa,Northern Africa,State of Libya
LBY,2022,EJ Events,0.9635055245938142,0.00378644452858758,%,Estimated,Africa,Northern Africa,State of Libya
LCA,2007,EJ Events,0.9920411305080322,0.0008257638315441,%,EJ Atlas,America,Caribbean,Saint Lucia
LCA,2012,EJ Events,0.9949748743718603,0.0005213764337851,%,EJ Atlas,America,Caribbean,Saint Lucia
LCA,2017,EJ Events,0.9959807377169423,0.000417014178482,%,EJ Atlas,America,Caribbean,Saint Lucia
LCA,2022,EJ Events,0.9963505524593819,0.0003786444528587,%,EJ Atlas,America,Caribbean,Saint Lucia
LIE,2007,EJ Events,0.9509203047995282,0.005092210294522366,%,Estimated,Europe,Western Europe,Principality of Liechtenstein
LIE,2012,EJ Events,0.958123953098828,0.00434480361487655,%,Estimated,Europe,Western Europe,Principality of Liechtenstein
LIE,2017,EJ Events,0.9598073771694172,0.004170141784820633,%,Estimated,Europe,Western Europe,Principality of Liechtenstein
LIE,2022,EJ Events,0.955598388255807,0.0046068408431149165,%,Estimated,Europe,Western Europe,Principality of Liechtenstein
LKA,2007,EJ Events,0.936329044064252,0.0066061106523534,%,EJ Atlas,Asia,Southern Asia,Democratic Socialist Republic of Sri Lanka
LKA,2012,EJ Events,0.9195979899497494,0.008342022940563,%,EJ Atlas,Asia,Southern Asia,Democratic Socialist Republic of Sri Lanka
LKA,2017,EJ Events,0.8954991806404842,0.0108423686405337,%,EJ Atlas,Asia,Southern Asia,Democratic Socialist Republic of Sri Lanka
LKA,2022,EJ Events,0.8978154688626779,0.0106020446800454,%,EJ Atlas,Asia,Southern Asia,Democratic Socialist Republic of Sri Lanka
LSO,2007,EJ Events,0.9840822610160634,0.0016515276630883,%,EJ Atlas,Africa,Southern Africa,Kingdom of Lesotho
LSO,2012,EJ Events,0.9899497487437194,0.0010427528675703,%,EJ Atlas,Africa,Southern Africa,Kingdom of Lesotho
LSO,2017,EJ Events,0.9919614754338837,0.0008340283569641,%,EJ Atlas,Africa,Southern Africa,Kingdom of Lesotho
LSO,2022,EJ Events,0.9927011049187631,0.0007572889057175,%,EJ Atlas,Africa,Southern Africa,Kingdom of Lesotho
LTU,2007,EJ Events,1.0,0.0,%,EJ Atlas,Europe,Northern Europe,Republic of Lithuania
LTU,2012,EJ Events,1.0,0.0,%,EJ Atlas,Europe,Northern Europe,Republic of Lithuania
LTU,2017,EJ Events,0.9959807377169423,0.000417014178482,%,EJ Atlas,Europe,Northern Europe,Republic of Lithuania
LTU,2022,EJ Events,0.9963505524593819,0.0003786444528587,%,EJ Atlas,Europe,Northern Europe,Republic of Lithuania
LUX,2007,EJ Events,0.9509203047995282,0.005092210294522366,%,Estimated,Europe,Western Europe,Grand Duchy of Luxembourg
LUX,2012,EJ Events,0.958123953098828,0.00434480361487655,%,Estimated,Europe,Western Europe,Grand Duchy of Luxembourg
LUX,2017,EJ Events,0.9598073771694172,0.004170141784820633,%,Estimated,Europe,Western Europe,Grand Duchy of Luxembourg
LUX,2022,EJ Events,0.955598388255807,0.0046068408431149165,%,Estimated,Europe,Western Europe,Grand Duchy of Luxembourg
LVA,2007,EJ Events,0.9920411305080322,0.0008257638315441,%,EJ Atlas,Europe,Northern Europe,Republic of Latvia
LVA,2012,EJ Events,0.9949748743718603,0.0005213764337851,%,EJ Atlas,Europe,Northern Europe,Republic of Latvia
LVA,2017,EJ Events,0.9959807377169423,0.000417014178482,%,EJ Atlas,Europe,Northern Europe,Republic of Latvia
LVA,2022,EJ Events,0.9963505524593819,0.0003786444528587,%,EJ Atlas,Europe,Northern Europe,Republic of Latvia
MAC,2007,EJ Events,0.9343393266912601,0.006812551610239425,%,Estimated,Asia,Eastern Asia,Macau SAR
MAC,2012,EJ Events,0.9095477386934677,0.009384775808133424,%,Estimated,Asia,Eastern Asia,Macau SAR
MAC,2017,EJ Events,0.8924847339281899,0.011155129274395301,%,Estimated,Asia,Eastern Asia,Macau SAR
MAC,2022,EJ Events,0.8923412975517501,0.011170011359333525,%,Estimated,Asia,Eastern Asia,Macau SAR
MAF,2007,EJ Events,0.9900514131350399,0.001032204789430175,%,Estimated,America,Caribbean,Saint-Martin (French part)
MAF,2012,EJ Events,0.9924623115577896,0.000782064650677725,%,Estimated,America,Caribbean,Saint-Martin (French part)
MAF,2017,EJ Events,0.9899518442923547,0.0010425354462051124,%,Estimated,America,Caribbean,Saint-Martin (French part)
MAF,2022,EJ Events,0.9904202002058765,0.0009939416887541999,%,Estimated,America,Caribbean,Saint-Martin (French part)
MAR,2007,EJ Events,0.9522467830481895,0.004954582989265,%,EJ Atlas,Africa,Northern Africa,Kingdom of Morocco
MAR,2012,EJ Events,0.9447236180904525,0.0057351407716371,%,EJ Atlas,Africa,Northern Africa,Kingdom of Morocco
MAR,2017,EJ Events,0.9356918034710676,0.006672226855713,%,EJ Atlas,Africa,Northern Africa,Kingdom of Morocco
MAR,2022,EJ Events,0.9416088393501019,0.0060583112457402,%,EJ Atlas,Africa,Northern Africa,Kingdom of Morocco
MCO,2007,EJ Events,0.9509203047995282,0.005092210294522366,%,Estimated,Europe,Western Europe,Principality of Monaco
MCO,2012,EJ Events,0.958123953098828,0.00434480361487655,%,Estimated,Europe,Western Europe,Principality of Monaco
MCO,2017,EJ Events,0.9598073771694172,0.004170141784820633,%,Estimated,Europe,Western Europe,Principality of Monaco
MCO,2022,EJ Events,0.955598388255807,0.0046068408431149165,%,Estimated,Europe,Western Europe,Principality of Monaco
MDA,2007,EJ Events,0.9672802031996854,0.003394806863014911,%,Estimated,Europe,Eastern Europe,Republic of Moldova
MDA,2012,EJ Events,0.9664991624790625,0.0034758428919012224,%,Estimated,Europe,Eastern Europe,Republic of Moldova
MDA,2017,EJ Events,0.9611471312637699,0.004031137058659945,%,Estimated,Europe,Eastern Europe,Republic of Moldova
MDA,2022,EJ Events,0.9480967460889795,0.005385165551769055,%,Estimated,Europe,Eastern Europe,Republic of Moldova
MDG,2007,EJ Events,0.9920411305080322,0.0008257638315441,%,EJ Atlas,Africa,Eastern Africa,Republic of Madagascar
MDG,2012,EJ Events,0.9497487437185933,0.0052137643378519,%,EJ Atlas,Africa,Eastern Africa,Republic of Madagascar
MDG,2017,EJ Events,0.9557881148863588,0.0045871559633027,%,EJ Atlas,Africa,Eastern Africa,Republic of Madagascar
MDG,2022,EJ Events,0.9525571819719579,0.0049223778871639,%,EJ Atlas,Africa,Eastern Africa,Republic of Madagascar
MDV,2007,EJ Events,1.0,0.0,%,EJ Atlas,Asia,Southern Asia,Republic of Maldives
MDV,2012,EJ Events,0.9949748743718603,0.0005213764337851,%,EJ Atlas,Asia,Southern Asia,Republic of Maldives
MDV,2017,EJ Events,0.9919614754338837,0.0008340283569641,%,EJ Atlas,Asia,Southern Asia,Republic of Maldives
MDV,2022,EJ Events,0.9890516573781449,0.0011359333585762,%,EJ Atlas,Asia,Southern Asia,Republic of Maldives
MEX,2007,EJ Events,0.6577686118453543,0.0355078447563996,%,EJ Atlas,America,Central America,United Mexican States
MEX,2012,EJ Events,0.6783919597989952,0.0333680917622523,%,EJ Atlas,America,Central America,United Mexican States
MEX,2017,EJ Events,0.6061122962602836,0.0408673894912427,%,EJ Atlas,America,Central America,United Mexican States
MEX,2022,EJ Events,0.5547674000445237,0.0461946232487694,%,EJ Atlas,America,Central America,United Mexican States
MHL,2007,EJ Events,0.9837761506509878,0.0016832878104553924,%,Estimated,Oceania,Micronesia,Republic of the Marshall Islands
MHL,2012,EJ Events,0.9835717046772329,0.001704499879682304,%,Estimated,Oceania,Micronesia,Republic of the Marshall Islands
MHL,2017,EJ Events,0.9859325820092962,0.0014595496246872,%,Estimated,Oceania,Micronesia,Republic of the Marshall Islands
MHL,2022,EJ Events,0.9845600296358447,0.0016019573005562654,%,Estimated,Oceania,Micronesia,Republic of the Marshall Islands
MKD,2007,EJ Events,0.9681645220321261,0.0033030553261767,%,EJ Atlas,Europe,Southern Europe,Republic of North Macedonia
MKD,2012,EJ Events,0.974874371859297,0.0026068821689259,%,EJ Atlas,Europe,Southern Europe,Republic of North Macedonia
MKD,2017,EJ Events,0.9758844263016501,0.0025020850708924,%,EJ Atlas,Europe,Southern Europe,Republic of North Macedonia
MKD,2022,EJ Events,0.978103314756289,0.0022718667171525,%,EJ Atlas,Europe,Southern Europe,Republic of North Macedonia
MLI,2007,EJ Events,0.9761233915240949,0.0024772914946325,%,EJ Atlas,Africa,Western Africa,Republic of Mali
MLI,2012,EJ Events,0.974874371859297,0.0026068821689259,%,EJ Atlas,Africa,Western Africa,Republic of Mali
MLI,2017,EJ Events,0.9799036885847088,0.0020850708924103,%,EJ Atlas,Africa,Western Africa,Republic of Mali
MLI,2022,EJ Events,0.981752762296907,0.0018932222642938,%,EJ Atlas,Africa,Western Africa,Republic of Mali
MLT,2007,EJ Events,0.9920411305080322,0.0008257638315441,%,EJ Atlas,Europe,Southern Europe,Republic of Malta
MLT,2012,EJ Events,0.9949748743718603,0.0005213764337851,%,EJ Atlas,Europe,Southern Europe,Republic of Malta
MLT,2017,EJ Events,0.9959807377169423,0.000417014178482,%,EJ Atlas,Europe,Southern Europe,Republic of Malta
MLT,2022,EJ Events,0.9963505524593819,0.0003786444528587,%,EJ Atlas,Europe,Southern Europe,Republic of Malta
MMR,2007,EJ Events,0.8089871321927563,0.0198183319570602,%,EJ Atlas,Asia,South-eastern Asia,Republic of the Union of Myanmar
MMR,2012,EJ Events,0.8090452261306534,0.0198123044838373,%,EJ Atlas,Asia,South-eastern Asia,Republic of the Union of Myanmar
MMR,2017,EJ Events,0.8110946726962587,0.0195996663886572,%,EJ Atlas,Asia,South-eastern Asia,Republic of the Union of Myanmar
MMR,2022,EJ Events,0.8175276229690679,0.0189322226429382,%,EJ Atlas,Asia,South-eastern Asia,Republic of the Union of Myanmar
MNE,2007,EJ Events,0.9681645220321261,0.0033030553261767,%,EJ Atlas,Europe,Southern Europe,Montenegro
MNE,2012,EJ Events,0.9597989949748748,0.0041710114702815,%,EJ Atlas,Europe,Southern Europe,Montenegro
MNE,2017,EJ Events,0.9678459017355338,0.0033361134278565,%,EJ Atlas,Europe,Southern Europe,Montenegro
MNE,2022,EJ Events,0.9671549721344329,0.0034078000757288,%,EJ Atlas,Europe,Southern Europe,Montenegro
MNG,2007,EJ Events,0.9840822610160634,0.0016515276630883,%,EJ Atlas,Asia,Eastern Asia,Mongolia
MNG,2012,EJ Events,0.9798994974874379,0.0020855057351407,%,EJ Atlas,Asia,Eastern Asia,Mongolia
MNG,2017,EJ Events,0.9758844263016501,0.0025020850708924,%,EJ Atlas,Asia,Eastern Asia,Mongolia
MNG,2022,EJ Events,0.970804419675051,0.0030291556228701,%,EJ Atlas,Asia,Eastern Asia,Mongolia
MNP,2007,EJ Events,0.9837761506509878,0.0016832878104553924,%,Estimated,Oceania,Micronesia,Northern Mariana Islands
MNP,2012,EJ Events,0.9835717046772329,0.001704499879682304,%,Estimated,Oceania,Micronesia,Northern Mariana Islands
MNP,2017,EJ Events,0.9859325820092962,0.0014595496246872,%,Estimated,Oceania,Micronesia,Northern Mariana Islands
MNP,2022,EJ Events,0.9845600296358447,0.0016019573005562654,%,Estimated,Oceania,Micronesia,Northern Mariana Islands
MOZ,2007,EJ Events,0.9761233915240949,0.0024772914946325,%,EJ Atlas,Africa,Eastern Africa,Republic of Mozambique
MOZ,2012,EJ Events,0.9346733668341709,0.0067778936392075,%,EJ Atlas,Africa,Eastern Africa,Republic of Mozambique
MOZ,2017,EJ Events,0.9477495903202426,0.0054211843202668,%,EJ Atlas,Africa,Eastern Africa,Republic of Mozambique
MOZ,2022,EJ Events,0.9489077344313389,0.0053010223400227,%,EJ Atlas,Africa,Eastern Africa,Republic of Mozambique
MRT,2007,EJ Events,1.0,0.0,%,EJ Atlas,Africa,Western Africa,Islamic Republic of Mauritania
MRT,2012,EJ Events,0.9849246231155787,0.0015641293013555,%,EJ Atlas,Africa,Western Africa,Islamic Republic of Mauritania
MRT,2017,EJ Events,0.9839229508677674,0.0016680567139282,%,EJ Atlas,Africa,Western Africa,Islamic Republic of Mauritania
MRT,2022,EJ Events,0.9854022098375259,0.001514577811435,%,EJ Atlas,Africa,Western Africa,Islamic Republic of Mauritania
MUS,2007,EJ Events,1.0,0.0,%,EJ Atlas,Africa,Eastern Africa,Republic of Mauritius
MUS,2012,EJ Events,1.0,0.0,%,EJ Atlas,Africa,Eastern Africa,Republic of Mauritius
MUS,2017,EJ Events,1.0,0.0,%,EJ Atlas,Africa,Eastern Africa,Republic of Mauritius
MUS,2022,EJ Events,0.9963505524593819,0.0003786444528587,%,EJ Atlas,Africa,Eastern Africa,Republic of Mauritius
MWI,2007,EJ Events,1.0,0.0,%,EJ Atlas,Africa,Eastern Africa,Republic of Malawi
MWI,2012,EJ Events,0.9949748743718603,0.0005213764337851,%,EJ Atlas,Africa,Eastern Africa,Republic of Malawi
MWI,2017,EJ Events,0.9959807377169423,0.000417014178482,%,EJ Atlas,Africa,Eastern Africa,Republic of Malawi
MWI,2022,EJ Events,0.9963505524593819,0.0003786444528587,%,EJ Atlas,Africa,Eastern Africa,Republic of Malawi
MYS,2007,EJ Events,0.9681645220321261,0.0033030553261767,%,EJ Atlas,Asia,South-eastern Asia,Malaysia
MYS,2012,EJ Events,0.9648241206030155,0.0036496350364963,%,EJ Atlas,Asia,South-eastern Asia,Malaysia
MYS,2017,EJ Events,0.9638266394524752,0.0037531276063386,%,EJ Atlas,Asia,South-eastern Asia,Malaysia
MYS,2022,EJ Events,0.9525571819719579,0.0049223778871639,%,EJ Atlas,Asia,South-eastern Asia,Malaysia
NAM,2007,EJ Events,1.0,0.0,%,EJ Atlas,Africa,Southern Africa,Republic of Namibia
NAM,2012,EJ Events,0.9899497487437194,0.0010427528675703,%,EJ Atlas,Africa,Southern Africa,Republic of Namibia
NAM,2017,EJ Events,0.9919614754338837,0.0008340283569641,%,EJ Atlas,Africa,Southern Africa,Republic of Namibia
NAM,2022,EJ Events,0.9890516573781449,0.0011359333585762,%,EJ Atlas,Africa,Southern Africa,Republic of Namibia
NCL,2007,EJ Events,0.9721439567781105,0.0028901734104046,%,Estimated,Oceania,Melanesia,New Caledonia
NCL,2012,EJ Events,0.977386934673367,0.00234619395203335,%,Estimated,Oceania,Melanesia,New Caledonia
NCL,2017,EJ Events,0.9819133197262375,0.0018765638031693,%,Estimated,Oceania,Melanesia,New Caledonia
NCL,2022,EJ Events,0.9817527622969074,0.00189322226429375,%,Estimated,Oceania,Melanesia,New Caledonia
NER,2007,EJ Events,0.9920411305080322,0.0008257638315441,%,EJ Atlas,Africa,Western Africa,Republic of Niger
NER,2012,EJ Events,0.9899497487437194,0.0010427528675703,%,EJ Atlas,Africa,Western Africa,Republic of Niger
NER,2017,EJ Events,0.9919614754338837,0.0008340283569641,%,EJ Atlas,Africa,Western Africa,Republic of Niger
NER,2022,EJ Events,0.9927011049187631,0.0007572889057175,%,EJ Atlas,Africa,Western Africa,Republic of Niger
NGA,2007,EJ Events,0.8010282627007875,0.0206440957886044,%,EJ Atlas,Africa,Western Africa,Federal Republic of Nigeria
NGA,2012,EJ Events,0.7487437185929651,0.0260688216892596,%,EJ Atlas,Africa,Western Africa,Federal Republic of Nigeria
NGA,2017,EJ Events,0.7588442630165002,0.0250208507089241,%,EJ Atlas,Africa,Western Africa,Federal Republic of Nigeria
NGA,2022,EJ Events,0.7700848049410248,0.0238546005301022,%,EJ Atlas,Africa,Western Africa,Federal Republic of Nigeria
NIC,2007,EJ Events,0.9442879135562208,0.0057803468208092,%,EJ Atlas,America,Central America,Republic of Nicaragua
NIC,2012,EJ Events,0.9447236180904525,0.0057351407716371,%,EJ Atlas,America,Central America,Republic of Nicaragua
NIC,2017,EJ Events,0.9557881148863588,0.0045871559633027,%,EJ Atlas,America,Central America,Republic of Nicaragua
NIC,2022,EJ Events,0.959856077053195,0.0041650889814464,%,EJ Atlas,America,Central America,Republic of Nicaragua
NLD,2007,EJ Events,0.9920411305080322,0.0008257638315441,%,EJ Atlas,Europe,Western Europe,Kingdom of the Netherlands
NLD,2012,EJ Events,0.9899497487437194,0.0010427528675703,%,EJ Atlas,Europe,Western Europe,Kingdom of the Netherlands
NLD,2017,EJ Events,0.9919614754338837,0.0008340283569641,%,EJ Atlas,Europe,Western Europe,Kingdom of the Netherlands
NLD,2022,EJ Events,0.978103314756289,0.0022718667171525,%,EJ Atlas,Europe,Western Europe,Kingdom of the Netherlands
NOR,2007,EJ Events,0.9840822610160634,0.0016515276630883,%,EJ Atlas,Europe,Northern Europe,Kingdom of Norway
NOR,2012,EJ Events,0.9899497487437194,0.0010427528675703,%,EJ Atlas,Europe,Northern Europe,Kingdom of Norway
NOR,2017,EJ Events,0.9799036885847088,0.0020850708924103,%,EJ Atlas,Europe,Northern Europe,Kingdom of Norway
NOR,2022,EJ Events,0.978103314756289,0.0022718667171525,%,EJ Atlas,Europe,Northern Europe,Kingdom of Norway
NPL,2007,EJ Events,0.9522467830481895,0.004954582989265,%,EJ Atlas,Asia,Southern Asia,Federal Democratic Republic of Nepal
NPL,2012,EJ Events,0.9648241206030155,0.0036496350364963,%,EJ Atlas,Asia,Southern Asia,Federal Democratic Republic of Nepal
NPL,2017,EJ Events,0.9598073771694176,0.0041701417848206,%,EJ Atlas,Asia,Southern Asia,Federal Democratic Republic of Nepal
NPL,2022,EJ Events,0.9635055245938139,0.0037864445285876,%,EJ Atlas,Asia,Southern Asia,Federal Democratic Republic of Nepal
NRU,2007,EJ Events,0.9920411305080322,0.0008257638315441,%,EJ Atlas,Oceania,Polynesia,Republic of Nauru
NRU,2012,EJ Events,0.9949748743718603,0.0005213764337851,%,EJ Atlas,Oceania,Polynesia,Republic of Nauru
NRU,2017,EJ Events,0.9959807377169423,0.000417014178482,%,EJ Atlas,Oceania,Polynesia,Republic of Nauru
NRU,2022,EJ Events,0.9927011049187631,0.0007572889057175,%,EJ Atlas,Oceania,Polynesia,Republic of Nauru
NZL,2007,EJ Events,1.0,0.0,%,EJ Atlas,Oceania,Australia and New Zealand,New Zealand
NZL,2012,EJ Events,0.9949748743718603,0.0005213764337851,%,EJ Atlas,Oceania,Australia and New Zealand,New Zealand
NZL,2017,EJ Events,0.9919614754338837,0.0008340283569641,%,EJ Atlas,Oceania,Australia and New Zealand,New Zealand
NZL,2022,EJ Events,0.9927011049187631,0.0007572889057175,%,EJ Atlas,Oceania,Australia and New Zealand,New Zealand
OMN,2007,EJ Events,0.9665727481337327,0.0034682080924854863,%,Estimated,Asia,Western Asia,Sultanate of Oman
OMN,2012,EJ Events,0.9755443886097159,0.0025373653110878605,%,Estimated,Asia,Western Asia,Sultanate of Oman
OMN,2017,EJ Events,0.9750805738450389,0.0025854879065887798,%,Estimated,Asia,Western Asia,Sultanate of Oman
OMN,2022,EJ Events,0.9754270532265016,0.0025495393159156265,%,Estimated,Asia,Western Asia,Sultanate of Oman
PAK,2007,EJ Events,0.9602056525401583,0.0041288191577208,%,EJ Atlas,Asia,Southern Asia,Islamic Republic of Pakistan
PAK,2012,EJ Events,0.9648241206030155,0.0036496350364963,%,EJ Atlas,Asia,Southern Asia,Islamic Republic of Pakistan
PAK,2017,EJ Events,0.9517688526033002,0.0050041701417848,%,EJ Atlas,Asia,Southern Asia,Islamic Republic of Pakistan
PAK,2022,EJ Events,0.9525571819719579,0.0049223778871639,%,EJ Atlas,Asia,Southern Asia,Islamic Republic of Pakistan
PAN,2007,EJ Events,0.9044935660963781,0.0099091659785301,%,EJ Atlas,America,Central America,Republic of Panama
PAN,2012,EJ Events,0.9346733668341709,0.0067778936392075,%,EJ Atlas,America,Central America,Republic of Panama
PAN,2017,EJ Events,0.9477495903202426,0.0054211843202668,%,EJ Atlas,America,Central America,Republic of Panama
PAN,2022,EJ Events,0.9525571819719579,0.0049223778871639,%,EJ Atlas,America,Central America,Republic of Panama
PER,2007,EJ Events,0.697562959305197,0.0313790255986787,%,EJ Atlas,America,South America,Republic of Peru
PER,2012,EJ Events,0.6884422110552766,0.0323253388946819,%,EJ Atlas,America,South America,Republic of Peru
PER,2017,EJ Events,0.7186516401859178,0.0291909924937447,%,EJ Atlas,America,South America,Republic of Peru
PER,2022,EJ Events,0.7299408819942198,0.0280196895115486,%,EJ Atlas,America,South America,Republic of Peru
PHL,2007,EJ Events,0.7055218287971647,0.0305532617671346,%,EJ Atlas,Asia,South-eastern Asia,Republic of the Philippines
PHL,2012,EJ Events,0.7437185929648243,0.0265901981230448,%,EJ Atlas,Asia,South-eastern Asia,Republic of the Philippines
PHL,2017,EJ Events,0.7307094270350926,0.0279399499582985,%,EJ Atlas,Asia,South-eastern Asia,Republic of the Philippines
PHL,2022,EJ Events,0.7445386721566948,0.0265051117001135,%,EJ Atlas,Asia,South-eastern Asia,Republic of the Philippines
PLW,2007,EJ Events,0.9837761506509878,0.0016832878104553924,%,Estimated,Oceania,Micronesia,Republic of Palau
PLW,2012,EJ Events,0.9835717046772329,0.001704499879682304,%,Estimated,Oceania,Micronesia,Republic of Palau
PLW,2017,EJ Events,0.9859325820092962,0.0014595496246872,%,Estimated,Oceania,Micronesia,Republic of Palau
PLW,2022,EJ Events,0.9845600296358447,0.0016019573005562654,%,Estimated,Oceania,Micronesia,Republic of Palau
PNG,2007,EJ Events,0.9442879135562208,0.0057803468208092,%,EJ Atlas,Oceania,Melanesia,Independent State of Papua New Guinea
PNG,2012,EJ Events,0.9547738693467339,0.0046923879040667,%,EJ Atlas,Oceania,Melanesia,Independent State of Papua New Guinea
PNG,2017,EJ Events,0.9638266394524752,0.0037531276063386,%,EJ Atlas,Oceania,Melanesia,Independent State of Papua New Guinea
PNG,2022,EJ Events,0.9671549721344329,0.0034078000757288,%,EJ Atlas,Oceania,Melanesia,Independent State of Papua New Guinea
POL,2007,EJ Events,0.9920411305080322,0.0008257638315441,%,EJ Atlas,Europe,Eastern Europe,Republic of Poland
POL,2012,EJ Events,0.974874371859297,0.0026068821689259,%,EJ Atlas,Europe,Eastern Europe,Republic of Poland
POL,2017,EJ Events,0.9718651640185924,0.0029190992493744,%,EJ Atlas,Europe,Eastern Europe,Republic of Poland
POL,2022,EJ Events,0.923361601647009,0.007951533510034,%,EJ Atlas,Europe,Eastern Europe,Republic of Poland
PRI,2007,EJ Events,0.9761233915240949,0.0024772914946325,%,EJ Atlas,America,Caribbean,Puerto Rico
PRI,2012,EJ Events,0.9849246231155787,0.0015641293013555,%,EJ Atlas,America,Caribbean,Puerto Rico
PRI,2017,EJ Events,0.9839229508677674,0.0016680567139282,%,EJ Atlas,America,Caribbean,Puerto Rico
PRI,2022,EJ Events,0.9854022098375259,0.001514577811435,%,EJ Atlas,America,Caribbean,Puerto Rico
PRK,2007,EJ Events,0.9343393266912601,0.006812551610239425,%,Estimated,Asia,Eastern Asia,Democratic People's Republic of Korea
PRK,2012,EJ Events,0.9095477386934677,0.009384775808133424,%,Estimated,Asia,Eastern Asia,Democratic People's Republic of Korea
PRK,2017,EJ Events,0.8924847339281899,0.011155129274395301,%,Estimated,Asia,Eastern Asia,Democratic People's Republic of Korea
PRK,2022,EJ Events,0.8923412975517501,0.011170011359333525,%,Estimated,Asia,Eastern Asia,Democratic People's Republic of Korea
PRT,2007,EJ Events,0.936329044064252,0.0066061106523534,%,EJ Atlas,Europe,Southern Europe,Portuguese Republic
PRT,2012,EJ Events,0.9597989949748748,0.0041710114702815,%,EJ Atlas,Europe,Southern Europe,Portuguese Republic
PRT,2017,EJ Events,0.9598073771694176,0.0041701417848206,%,EJ Atlas,Europe,Southern Europe,Portuguese Republic
PRT,2022,EJ Events,0.956206629512577,0.0045437334343051,%,EJ Atlas,Europe,Southern Europe,Portuguese Republic
PRY,2007,EJ Events,0.9840822610160634,0.0016515276630883,%,EJ Atlas,America,South America,Republic of Paraguay
PRY,2012,EJ Events,0.9849246231155787,0.0015641293013555,%,EJ Atlas,America,South America,Republic of Paraguay
PRY,2017,EJ Events,0.9839229508677674,0.0016680567139282,%,EJ Atlas,America,South America,Republic of Paraguay
PRY,2022,EJ Events,0.981752762296907,0.0018932222642938,%,EJ Atlas,America,South America,Republic of Paraguay
PSE,2007,EJ Events,0.9124524355883469,0.0090834021469859,%,EJ Atlas,Asia,Western Asia,State of Palestine
PSE,2012,EJ Events,0.9396984924623117,0.0062565172054223,%,EJ Atlas,Asia,Western Asia,State of Palestine
PSE,2017,EJ Events,0.9477495903202426,0.0054211843202668,%,EJ Atlas,Asia,Western Asia,State of Palestine
PSE,2022,EJ Events,0.9452582868907209,0.0056796667928814,%,EJ Atlas,Asia,Western Asia,State of Palestine
PYF,2007,EJ Events,0.9920411305080322,0.0008257638315441,%,Estimated,Oceania,Polynesia,French Polynesia
PYF,2012,EJ Events,0.9949748743718603,0.0005213764337851,%,Estimated,Oceania,Polynesia,French Polynesia
PYF,2017,EJ Events,0.9959807377169423,0.000417014178482,%,Estimated,Oceania,Polynesia,French Polynesia
PYF,2022,EJ Events,0.9927011049187631,0.0007572889057175,%,Estimated,Oceania,Polynesia,French Polynesia
QAT,2007,EJ Events,0.9665727481337327,0.0034682080924854863,%,Estimated,Asia,Western Asia,State of Qatar
QAT,2012,EJ Events,0.9755443886097159,0.0025373653110878605,%,Estimated,Asia,Western Asia,State of Qatar
QAT,2017,EJ Events,0.9750805738450389,0.0025854879065887798,%,Estimated,Asia,Western Asia,State of Qatar
QAT,2022,EJ Events,0.9754270532265016,0.0025495393159156265,%,Estimated,Asia,Western Asia,State of Qatar
ROU,2007,EJ Events,0.9681645220321261,0.0033030553261767,%,EJ Atlas,Europe,Eastern Europe,Romania
ROU,2012,EJ Events,0.9547738693467339,0.0046923879040667,%,EJ Atlas,Europe,Eastern Europe,Romania
ROU,2017,EJ Events,0.9477495903202426,0.0054211843202668,%,EJ Atlas,Europe,Eastern Europe,Romania
ROU,2022,EJ Events,0.9525571819719579,0.0049223778871639,%,EJ Atlas,Europe,Eastern Europe,Romania
RUS,2007,EJ Events,0.880616957620473,0.0123864574731626,%,EJ Atlas,Europe,Eastern Europe,Russian Federation
RUS,2012,EJ Events,0.8994974874371864,0.0104275286757038,%,EJ Atlas,Europe,Eastern Europe,Russian Federation
RUS,2017,EJ Events,0.863345082376017,0.0141784820683903,%,EJ Atlas,Europe,Eastern Europe,Russian Federation
RUS,2022,EJ Events,0.7883320426441179,0.0219613782658084,%,EJ Atlas,Europe,Eastern Europe,Russian Federation
RWA,2007,EJ Events,0.9920411305080322,0.0008257638315441,%,EJ Atlas,Africa,Eastern Africa,Republic of Rwanda
RWA,2012,EJ Events,0.9949748743718603,0.0005213764337851,%,EJ Atlas,Africa,Eastern Africa,Republic of Rwanda
RWA,2017,EJ Events,0.9959807377169423,0.000417014178482,%,EJ Atlas,Africa,Eastern Africa,Republic of Rwanda
RWA,2022,EJ Events,0.9963505524593819,0.0003786444528587,%,EJ Atlas,Africa,Eastern Africa,Republic of Rwanda
SAU,2007,EJ Events,0.9920411305080322,0.0008257638315441,%,EJ Atlas,Asia,Western Asia,Kingdom of Saudi Arabia
SAU,2012,EJ Events,0.9949748743718603,0.0005213764337851,%,EJ Atlas,Asia,Western Asia,Kingdom of Saudi Arabia
SAU,2017,EJ Events,0.9919614754338837,0.0008340283569641,%,EJ Atlas,Asia,Western Asia,Kingdom of Saudi Arabia
SAU,2022,EJ Events,0.9927011049187631,0.0007572889057175,%,EJ Atlas,Asia,Western Asia,Kingdom of Saudi Arabia
SDN,2007,EJ Events,0.9681645220321261,0.0033030553261767,%,EJ Atlas,Africa,Northern Africa,Republic of the Sudan
SDN,2012,EJ Events,0.974874371859297,0.0026068821689259,%,EJ Atlas,Africa,Northern Africa,Republic of the Sudan
SDN,2017,EJ Events,0.9758844263016501,0.0025020850708924,%,EJ Atlas,Africa,Northern Africa,Republic of the Sudan
SDN,2022,EJ Events,0.978103314756289,0.0022718667171525,%,EJ Atlas,Africa,Northern Africa,Republic of the Sudan
SEN,2007,EJ Events,0.9920411305080322,0.0008257638315441,%,EJ Atlas,Africa,Western Africa,Republic of Senegal
SEN,2012,EJ Events,0.974874371859297,0.0026068821689259,%,EJ Atlas,Africa,Western Africa,Republic of Senegal
SEN,2017,EJ Events,0.9638266394524752,0.0037531276063386,%,EJ Atlas,Africa,Western Africa,Republic of Senegal
SEN,2022,EJ Events,0.9671549721344329,0.0034078000757288,%,EJ Atlas,Africa,Western Africa,Republic of Senegal
SGP,2007,EJ Events,0.8770796822907087,0.01275346362051561,%,Estimated,Asia,South-eastern Asia,Republic of Singapore
SGP,2012,EJ Events,0.88498045784478,0.011933727262194355,%,Estimated,Asia,South-eastern Asia,Republic of Singapore
SGP,2017,EJ Events,0.8807618856026034,0.012371420628301311,%,Estimated,Asia,South-eastern Asia,Republic of Singapore
SGP,2022,EJ Events,0.8824066903578438,0.012200765703226833,%,Estimated,Asia,South-eastern Asia,Republic of Singapore
SLB,2007,EJ Events,1.0,0.0,%,EJ Atlas,Oceania,Melanesia,Solomon Islands
SLB,2012,EJ Events,1.0,0.0,%,EJ Atlas,Oceania,Melanesia,Solomon Islands
SLB,2017,EJ Events,1.0,0.0,%,EJ Atlas,Oceania,Melanesia,Solomon Islands
SLB,2022,EJ Events,0.9963505524593819,0.0003786444528587,%,EJ Atlas,Oceania,Melanesia,Solomon Islands
SLE,2007,EJ Events,0.9920411305080322,0.0008257638315441,%,EJ Atlas,Africa,Western Africa,Republic of Sierra Leone
SLE,2012,EJ Events,0.9698492462311563,0.0031282586027111,%,EJ Atlas,Africa,Western Africa,Republic of Sierra Leone
SLE,2017,EJ Events,0.9758844263016501,0.0025020850708924,%,EJ Atlas,Africa,Western Africa,Republic of Sierra Leone
SLE,2022,EJ Events,0.978103314756289,0.0022718667171525,%,EJ Atlas,Africa,Western Africa,Republic of Sierra Leone
SLV,2007,EJ Events,1.0,0.0,%,EJ Atlas,America,Central America,Republic of El Salvador
SLV,2012,EJ Events,0.9899497487437194,0.0010427528675703,%,EJ Atlas,America,Central America,Republic of El Salvador
SLV,2017,EJ Events,0.9839229508677674,0.0016680567139282,%,EJ Atlas,America,Central America,Republic of El Salvador
SLV,2022,EJ Events,0.9854022098375259,0.001514577811435,%,EJ Atlas,America,Central America,Republic of El Salvador
SMR,2007,EJ Events,0.9393901477150096,0.006288509178682531,%,Estimated,Europe,Southern Europe,Republic of San Marino
SMR,2012,EJ Events,0.9462698105914191,0.005574717253549315,%,Estimated,Europe,Southern Europe,Republic of San Marino
SMR,2017,EJ Events,0.9508413305379793,0.005100404182972939,%,Estimated,Europe,Southern Europe,Republic of San Marino
SMR,2022,EJ Events,0.9503113681008081,0.005155389858153907,%,Estimated,Europe,Southern Europe,Republic of San Marino
SOM,2007,EJ Events,0.9761233915240949,0.0024772914946325,%,EJ Atlas,Africa,Eastern Africa,Federal Republic of Somalia
SOM,2012,EJ Events,0.9849246231155787,0.0015641293013555,%,EJ Atlas,Africa,Eastern Africa,Federal Republic of Somalia
SOM,2017,EJ Events,0.9879422131508251,0.0012510425354462,%,EJ Atlas,Africa,Eastern Africa,Federal Republic of Somalia
SOM,2022,EJ Events,0.9890516573781449,0.0011359333585762,%,EJ Atlas,Africa,Eastern Africa,Federal Republic of Somalia
SRB,2007,EJ Events,0.9204113050803157,0.0082576383154417,%,EJ Atlas,Europe,Southern Europe,Republic of Serbia
SRB,2012,EJ Events,0.9346733668341709,0.0067778936392075,%,EJ Atlas,Europe,Southern Europe,Republic of Serbia
SRB,2017,EJ Events,0.9356918034710676,0.006672226855713,%,EJ Atlas,Europe,Southern Europe,Republic of Serbia
SRB,2022,EJ Events,0.9379593918094828,0.006436955698599,%,EJ Atlas,Europe,Southern Europe,Republic of Serbia
SSD,2007,EJ Events,0.9840822610160634,0.0016515276630883,%,EJ Atlas,Africa,Eastern Africa,Republic of South Sudan
SSD,2012,EJ Events,0.974874371859297,0.0026068821689259,%,EJ Atlas,Africa,Eastern Africa,Republic of South Sudan
SSD,2017,EJ Events,0.9799036885847088,0.0020850708924103,%,EJ Atlas,Africa,Eastern Africa,Republic of South Sudan
SSD,2022,EJ Events,0.981752762296907,0.0018932222642938,%,EJ Atlas,Africa,Eastern Africa,Republic of South Sudan
STP,2007,EJ Events,1.0,0.0,%,EJ Atlas,Africa,Middle Africa,Democratic Republic of São Tomé and Príncipe
STP,2012,EJ Events,0.9949748743718603,0.0005213764337851,%,EJ Atlas,Africa,Middle Africa,Democratic Republic of São Tomé and Príncipe
STP,2017,EJ Events,0.9959807377169423,0.000417014178482,%,EJ Atlas,Africa,Middle Africa,Democratic Republic of São Tomé and Príncipe
STP,2022,EJ Events,0.9963505524593819,0.0003786444528587,%,EJ Atlas,Africa,Middle Africa,Democratic Republic of São Tomé and Príncipe
SUR,2007,EJ Events,1.0,0.0,%,EJ Atlas,America,South America,Republic of Suriname
SUR,2012,EJ Events,1.0,0.0,%,EJ Atlas,America,South America,Republic of Suriname
SUR,2017,EJ Events,1.0,0.0,%,EJ Atlas,America,South America,Republic of Suriname
SUR,2022,EJ Events,0.9963505524593819,0.0003786444528587,%,EJ Atlas,America,South America,Republic of Suriname
SVK,2007,EJ Events,0.9761233915240949,0.0024772914946325,%,EJ Atlas,Europe,Eastern Europe,Slovak Republic
SVK,2012,EJ Events,0.9798994974874379,0.0020855057351407,%,EJ Atlas,Europe,Eastern Europe,Slovak Republic
SVK,2017,EJ Events,0.9758844263016501,0.0025020850708924,%,EJ Atlas,Europe,Eastern Europe,Slovak Republic
SVK,2022,EJ Events,0.97445386721567,0.0026505111700113,%,EJ Atlas,Europe,Eastern Europe,Slovak Republic
SVN,2007,EJ Events,0.9602056525401583,0.0041288191577208,%,EJ Atlas,Europe,Southern Europe,Republic of Slovenia
SVN,2012,EJ Events,0.974874371859297,0.0026068821689259,%,EJ Atlas,Europe,Southern Europe,Republic of Slovenia
SVN,2017,EJ Events,0.9799036885847088,0.0020850708924103,%,EJ Atlas,Europe,Southern Europe,Republic of Slovenia
SVN,2022,EJ Events,0.981752762296907,0.0018932222642938,%,EJ Atlas,Europe,Southern Europe,Republic of Slovenia
SWE,2007,EJ Events,0.9761233915240949,0.0024772914946325,%,EJ Atlas,Europe,Northern Europe,Kingdom of Sweden
SWE,2012,EJ Events,0.9648241206030155,0.0036496350364963,%,EJ Atlas,Europe,Northern Europe,Kingdom of Sweden
SWE,2017,EJ Events,0.9678459017355338,0.0033361134278565,%,EJ Atlas,Europe,Northern Europe,Kingdom of Sweden
SWE,2022,EJ Events,0.9635055245938139,0.0037864445285876,%,EJ Atlas,Europe,Northern Europe,Kingdom of Sweden
SWZ,2007,EJ Events,0.9920411305080322,0.0008257638315441,%,EJ Atlas,Africa,Southern Africa,Kingdom of Eswatini
SWZ,2012,EJ Events,0.9949748743718603,0.0005213764337851,%,EJ Atlas,Africa,Southern Africa,Kingdom of Eswatini
SWZ,2017,EJ Events,0.9959807377169423,0.000417014178482,%,EJ Atlas,Africa,Southern Africa,Kingdom of Eswatini
SWZ,2022,EJ Events,0.9963505524593819,0.0003786444528587,%,EJ Atlas,Africa,Southern Africa,Kingdom of Eswatini
SXM,2007,EJ Events,0.9900514131350399,0.001032204789430175,%,Estimated,America,Caribbean,Sint Maarten (Dutch part)
SXM,2012,EJ Events,0.9924623115577896,0.000782064650677725,%,Estimated,America,Caribbean,Sint Maarten (Dutch part)
SXM,2017,EJ Events,0.9899518442923547,0.0010425354462051124,%,Estimated,America,Caribbean,Sint Maarten (Dutch part)
SXM,2022,EJ Events,0.9904202002058765,0.0009939416887541999,%,Estimated,America,Caribbean,Sint Maarten (Dutch part)
SYC,2007,EJ Events,0.9724500671431863,0.002858413263037492,%,Estimated,Africa,Eastern Africa,Republic of Seychelles
SYC,2012,EJ Events,0.9644375724777738,0.003689740916018238,%,Estimated,Africa,Eastern Africa,Republic of Seychelles
SYC,2017,EJ Events,0.9684642497790812,0.0032719574003977157,%,Estimated,Africa,Eastern Africa,Republic of Seychelles
SYC,2022,EJ Events,0.9696815127394763,0.0031456616083650767,%,Estimated,Africa,Eastern Africa,Republic of Seychelles
SYR,2007,EJ Events,0.9920411305080322,0.0008257638315441,%,EJ Atlas,Asia,Western Asia,Syrian Arab Republic
SYR,2012,EJ Events,0.9949748743718603,0.0005213764337851,%,EJ Atlas,Asia,Western Asia,Syrian Arab Republic
SYR,2017,EJ Events,0.9919614754338837,0.0008340283569641,%,EJ Atlas,Asia,Western Asia,Syrian Arab Republic
SYR,2022,EJ Events,0.981752762296907,0.0018932222642938,%,EJ Atlas,Asia,Western Asia,Syrian Arab Republic
TCA,2007,EJ Events,0.9900514131350399,0.001032204789430175,%,Estimated,America,Caribbean,Turks and Caicos Islands
TCA,2012,EJ Events,0.9924623115577896,0.000782064650677725,%,Estimated,America,Caribbean,Turks and Caicos Islands
TCA,2017,EJ Events,0.9899518442923547,0.0010425354462051124,%,Estimated,America,Caribbean,Turks and Caicos Islands
TCA,2022,EJ Events,0.9904202002058765,0.0009939416887541999,%,Estimated,America,Caribbean,Turks and Caicos Islands
TCD,2007,EJ Events,0.9920411305080322,0.0008257638315441,%,EJ Atlas,Africa,Middle Africa,Republic of Chad
TCD,2012,EJ Events,0.9949748743718603,0.0005213764337851,%,EJ Atlas,Africa,Middle Africa,Republic of Chad
TCD,2017,EJ Events,0.9959807377169423,0.000417014178482,%,EJ Atlas,Africa,Middle Africa,Republic of Chad
TCD,2022,EJ Events,0.9963505524593819,0.0003786444528587,%,EJ Atlas,Africa,Middle Africa,Republic of Chad
TGO,2007,EJ Events,1.0,0.0,%,EJ Atlas,Africa,Western Africa,Togolese Republic
TGO,2012,EJ Events,1.0,0.0,%,EJ Atlas,Africa,Western Africa,Togolese Republic
TGO,2017,EJ Events,0.9959807377169423,0.000417014178482,%,EJ Atlas,Africa,Western Africa,Togolese Republic
TGO,2022,EJ Events,0.9963505524593819,0.0003786444528587,%,EJ Atlas,Africa,Western Africa,Togolese Republic
THA,2007,EJ Events,0.9442879135562208,0.0057803468208092,%,EJ Atlas,Asia,South-eastern Asia,Kingdom of Thailand
THA,2012,EJ Events,0.9648241206030155,0.0036496350364963,%,EJ Atlas,Asia,South-eastern Asia,Kingdom of Thailand
THA,2017,EJ Events,0.9477495903202426,0.0054211843202668,%,EJ Atlas,Asia,South-eastern Asia,Kingdom of Thailand
THA,2022,EJ Events,0.9489077344313389,0.0053010223400227,%,EJ Atlas,Asia,South-eastern Asia,Kingdom of Thailand
TJK,2007,EJ Events,0.9840822610160634,0.0016515276630883,%,EJ Atlas,Asia,Central Asia,Republic of Tajikistan
TJK,2012,EJ Events,0.9849246231155787,0.0015641293013555,%,EJ Atlas,Asia,Central Asia,Republic of Tajikistan
TJK,2017,EJ Events,0.9879422131508251,0.0012510425354462,%,EJ Atlas,Asia,Central Asia,Republic of Tajikistan
TJK,2022,EJ Events,0.9890516573781449,0.0011359333585762,%,EJ Atlas,Asia,Central Asia,Republic of Tajikistan
TKM,2007,EJ Events,0.9820925436430713,0.0018579686209743498,%,Estimated,Asia,Central Asia,Turkmenistan
TKM,2012,EJ Events,0.9824120603015082,0.0018248175182481,%,Estimated,Asia,Central Asia,Turkmenistan
TKM,2017,EJ Events,0.9859325820092962,0.0014595496246871998,%,Estimated,Asia,Central Asia,Turkmenistan
TKM,2022,EJ Events,0.9863145717226808,0.0014199166982203,%,Estimated,Asia,Central Asia,Turkmenistan
TLS,2007,EJ Events,1.0,0.0,%,EJ Atlas,Asia,South-eastern Asia,Democratic Republic of Timor-Leste
TLS,2012,EJ Events,0.9949748743718603,0.0005213764337851,%,EJ Atlas,Asia,South-eastern Asia,Democratic Republic of Timor-Leste
TLS,2017,EJ Events,0.9959807377169423,0.000417014178482,%,EJ Atlas,Asia,South-eastern Asia,Democratic Republic of Timor-Leste
TLS,2022,EJ Events,0.9963505524593819,0.0003786444528587,%,EJ Atlas,Asia,South-eastern Asia,Democratic Republic of Timor-Leste
TON,2007,EJ Events,0.9920411305080322,0.0008257638315441,%,Estimated,Oceania,Polynesia,Kingdom of Tonga
TON,2012,EJ Events,0.9949748743718603,0.0005213764337851,%,Estimated,Oceania,Polynesia,Kingdom of Tonga
TON,2017,EJ Events,0.9959807377169423,0.000417014178482,%,Estimated,Oceania,Polynesia,Kingdom of Tonga
TON,2022,EJ Events,0.9927011049187631,0.0007572889057175,%,Estimated,Oceania,Polynesia,Kingdom of Tonga
TTO,2007,EJ Events,0.9900514131350399,0.001032204789430175,%,Estimated,America,Caribbean,Republic of Trinidad and Tobago
TTO,2012,EJ Events,0.9924623115577896,0.000782064650677725,%,Estimated,America,Caribbean,Republic of Trinidad and Tobago
TTO,2017,EJ Events,0.9899518442923547,0.0010425354462051124,%,Estimated,America,Caribbean,Republic of Trinidad and Tobago
TTO,2022,EJ Events,0.9904202002058765,0.0009939416887541999,%,Estimated,America,Caribbean,Republic of Trinidad and Tobago
TUN,2007,EJ Events,1.0,0.0,%,EJ Atlas,Africa,Northern Africa,Republic of Tunisia
TUN,2012,EJ Events,0.9798994974874379,0.0020855057351407,%,EJ Atlas,Africa,Northern Africa,Republic of Tunisia
TUN,2017,EJ Events,0.9758844263016501,0.0025020850708924,%,EJ Atlas,Africa,Northern Africa,Republic of Tunisia
TUN,2022,EJ Events,0.97445386721567,0.0026505111700113,%,EJ Atlas,Africa,Northern Africa,Republic of Tunisia
TUR,2007,EJ Events,0.7373573067650397,0.0272502064409578,%,EJ Atlas,Asia,Western Asia,Republic of Türkiye
TUR,2012,EJ Events,0.7989949748743718,0.0208550573514077,%,EJ Atlas,Asia,Western Asia,Republic of Türkiye
TUR,2017,EJ Events,0.8271717218284922,0.0179316096747289,%,EJ Atlas,Asia,Western Asia,Republic of Türkiye
TUR,2022,EJ Events,0.8394243082127798,0.0166603559257856,%,EJ Atlas,Asia,Western Asia,Republic of Türkiye
TUV,2007,EJ Events,0.9920411305080322,0.0008257638315441,%,Estimated,Oceania,Polynesia,Tuvalu
TUV,2012,EJ Events,0.9949748743718603,0.0005213764337851,%,Estimated,Oceania,Polynesia,Tuvalu
TUV,2017,EJ Events,0.9959807377169423,0.000417014178482,%,Estimated,Oceania,Polynesia,Tuvalu
TUV,2022,EJ Events,0.9927011049187631,0.0007572889057175,%,Estimated,Oceania,Polynesia,Tuvalu
TZA,2007,EJ Events,0.9522467830481895,0.004954582989265,%,EJ Atlas,Africa,Eastern Africa,United Republic of Tanzania
TZA,2012,EJ Events,0.9547738693467339,0.0046923879040667,%,EJ Atlas,Africa,Eastern Africa,United Republic of Tanzania
TZA,2017,EJ Events,0.9638266394524752,0.0037531276063386,%,EJ Atlas,Africa,Eastern Africa,United Republic of Tanzania
TZA,2022,EJ Events,0.9671549721344329,0.0034078000757288,%,EJ Atlas,Africa,Eastern Africa,United Republic of Tanzania
UGA,2007,EJ Events,0.9204113050803157,0.0082576383154417,%,EJ Atlas,Africa,Eastern Africa,Republic of Uganda
UGA,2012,EJ Events,0.9346733668341709,0.0067778936392075,%,EJ Atlas,Africa,Eastern Africa,Republic of Uganda
UGA,2017,EJ Events,0.9477495903202426,0.0054211843202668,%,EJ Atlas,Africa,Eastern Africa,Republic of Uganda
UGA,2022,EJ Events,0.9489077344313389,0.0053010223400227,%,EJ Atlas,Africa,Eastern Africa,Republic of Uganda
UKR,2007,EJ Events,0.9920411305080322,0.0008257638315441,%,EJ Atlas,Europe,Eastern Europe,Ukraine
UKR,2012,EJ Events,0.9949748743718603,0.0005213764337851,%,EJ Atlas,Europe,Eastern Europe,Ukraine
UKR,2017,EJ Events,0.9919614754338837,0.0008340283569641,%,EJ Atlas,Europe,Eastern Europe,Ukraine
UKR,2022,EJ Events,0.9890516573781449,0.0011359333585762,%,EJ Atlas,Europe,Eastern Europe,Ukraine
URY,2007,EJ Events,1.0,0.0,%,EJ Atlas,America,South America,Oriental Republic of Uruguay
URY,2012,EJ Events,0.9849246231155787,0.0015641293013555,%,EJ Atlas,America,South America,Oriental Republic of Uruguay
URY,2017,EJ Events,0.9879422131508251,0.0012510425354462,%,EJ Atlas,America,South America,Oriental Republic of Uruguay
URY,2022,EJ Events,0.9890516573781449,0.0011359333585762,%,EJ Atlas,America,South America,Oriental Republic of Uruguay
USA,2007,EJ Events,0.46675574403810965,0.0553261767134599,%,EJ Atlas,America,Northern America,United States of America
USA,2012,EJ Events,0.5527638190954777,0.0464025026068821,%,EJ Atlas,America,Northern America,United States of America
USA,2017,EJ Events,0.5176885260330003,0.0500417014178482,%,EJ Atlas,America,Northern America,United States of America
USA,2022,EJ Events,0.49637623939462566,0.0522529344945096,%,EJ Atlas,America,Northern America,United States of America
UZB,2007,EJ Events,0.9920411305080322,0.0008257638315441,%,EJ Atlas,Asia,Central Asia,Republic of Uzbekistan
UZB,2012,EJ Events,0.9949748743718603,0.0005213764337851,%,EJ Atlas,Asia,Central Asia,Republic of Uzbekistan
UZB,2017,EJ Events,0.9959807377169423,0.000417014178482,%,EJ Atlas,Asia,Central Asia,Republic of Uzbekistan
UZB,2022,EJ Events,0.9963505524593819,0.0003786444528587,%,EJ Atlas,Asia,Central Asia,Republic of Uzbekistan
VCT,2007,EJ Events,0.9900514131350399,0.001032204789430175,%,Estimated,America,Caribbean,Saint Vincent and the Grenadines
VCT,2012,EJ Events,0.9924623115577896,0.000782064650677725,%,Estimated,America,Caribbean,Saint Vincent and the Grenadines
VCT,2017,EJ Events,0.9899518442923547,0.0010425354462051124,%,Estimated,America,Caribbean,Saint Vincent and the Grenadines
VCT,2022,EJ Events,0.9904202002058765,0.0009939416887541999,%,Estimated,America,Caribbean,Saint Vincent and the Grenadines
VEN,2007,EJ Events,0.8965346966044094,0.0107349298100743,%,EJ Atlas,America,South America,Bolivarian Republic of Venezuela
VEN,2012,EJ Events,0.9045226130653272,0.0099061522419186,%,EJ Atlas,America,South America,Bolivarian Republic of Venezuela
VEN,2017,EJ Events,0.9035377052066005,0.0100083402835696,%,EJ Atlas,America,South America,Bolivarian Republic of Venezuela
VEN,2022,EJ Events,0.9124132590251529,0.0090874668686103,%,EJ Atlas,America,South America,Bolivarian Republic of Venezuela
VGB,2007,EJ Events,0.9900514131350399,0.001032204789430175,%,Estimated,America,Caribbean,British Virgin Islands
VGB,2012,EJ Events,0.9924623115577896,0.000782064650677725,%,Estimated,America,Caribbean,British Virgin Islands
VGB,2017,EJ Events,0.9899518442923547,0.0010425354462051124,%,Estimated,America,Caribbean,British Virgin Islands
VGB,2022,EJ Events,0.9904202002058765,0.0009939416887541999,%,Estimated,America,Caribbean,British Virgin Islands
VIR,2007,EJ Events,0.9900514131350399,0.001032204789430175,%,Estimated,America,Caribbean,Virgin Islands of the United States
VIR,2012,EJ Events,0.9924623115577896,0.000782064650677725,%,Estimated,America,Caribbean,Virgin Islands of the United States
VIR,2017,EJ Events,0.9899518442923547,0.0010425354462051124,%,Estimated,America,Caribbean,Virgin Islands of the United States
VIR,2022,EJ Events,0.9904202002058765,0.0009939416887541999,%,Estimated,America,Caribbean,Virgin Islands of the United States
VNM,2007,EJ Events,0.8726580881285042,0.0132122213047068,%,EJ Atlas,Asia,South-eastern Asia,Socialist Republic of Vietnam
VNM,2012,EJ Events,0.9145728643216088,0.0088633993743482,%,EJ Atlas,Asia,South-eastern Asia,Socialist Republic of Vietnam
VNM,2017,EJ Events,0.9155954920557753,0.0087572977481234,%,EJ Atlas,Asia,South-eastern Asia,Socialist Republic of Vietnam
VNM,2022,EJ Events,0.91971215410639,0.0083301779628928,%,EJ Atlas,Asia,South-eastern Asia,Socialist Republic of Vietnam
VUT,2007,EJ Events,0.9721439567781105,0.0028901734104046,%,Estimated,Oceania,Melanesia,Republic of Vanuatu
VUT,2012,EJ Events,0.977386934673367,0.00234619395203335,%,Estimated,Oceania,Melanesia,Republic of Vanuatu
VUT,2017,EJ Events,0.9819133197262375,0.0018765638031693,%,Estimated,Oceania,Melanesia,Republic of Vanuatu
VUT,2022,EJ Events,0.9817527622969074,0.00189322226429375,%,Estimated,Oceania,Melanesia,Republic of Vanuatu
WSM,2007,EJ Events,0.9920411305080322,0.0008257638315441,%,Estimated,Oceania,Polynesia,Independent State of Samoa
WSM,2012,EJ Events,0.9949748743718603,0.0005213764337851,%,Estimated,Oceania,Polynesia,Independent State of Samoa
WSM,2017,EJ Events,0.9959807377169423,0.000417014178482,%,Estimated,Oceania,Polynesia,Independent State of Samoa
WSM,2022,EJ Events,0.9927011049187631,0.0007572889057175,%,Estimated,Oceania,Polynesia,Independent State of Samoa
XKX,2007,EJ Events,0.9840822610160634,0.0016515276630883,%,EJ Atlas,Europe,Southern Europe,Republic of Kosovo
XKX,2012,EJ Events,0.9899497487437194,0.0010427528675703,%,EJ Atlas,Europe,Southern Europe,Republic of Kosovo
XKX,2017,EJ Events,0.9879422131508251,0.0012510425354462,%,EJ Atlas,Europe,Southern Europe,Republic of Kosovo
XKX,2022,EJ Events,0.9890516573781449,0.0011359333585762,%,EJ Atlas,Europe,Southern Europe,Republic of Kosovo
YEM,2007,EJ Events,1.0,0.0,%,EJ Atlas,Asia,Western Asia,Republic of Yemen
YEM,2012,EJ Events,0.9949748743718603,0.0005213764337851,%,EJ Atlas,Asia,Western Asia,Republic of Yemen
YEM,2017,EJ Events,0.9879422131508251,0.0012510425354462,%,EJ Atlas,Asia,Western Asia,Republic of Yemen
YEM,2022,EJ Events,0.9854022098375259,0.001514577811435,%,EJ Atlas,Asia,Western Asia,Republic of Yemen
ZAF,2007,EJ Events,0.8567403491445668,0.0148637489677952,%,EJ Atlas,Africa,Southern Africa,Republic of South Africa
ZAF,2012,EJ Events,0.8442211055276387,0.0161626694473409,%,EJ Atlas,Africa,Southern Africa,Republic of South Africa
ZAF,2017,EJ Events,0.8311909841115508,0.0175145954962468,%,EJ Atlas,Africa,Southern Africa,Republic of South Africa
ZAF,2022,EJ Events,0.8394243082127798,0.0166603559257856,%,EJ Atlas,Africa,Southern Africa,Republic of South Africa
ZMB,2007,EJ Events,0.9840822610160634,0.0016515276630883,%,EJ Atlas,Africa,Eastern Africa,Republic of Zambia
ZMB,2012,EJ Events,0.9798994974874379,0.0020855057351407,%,EJ Atlas,Africa,Eastern Africa,Republic of Zambia
ZMB,2017,EJ Events,0.9758844263016501,0.0025020850708924,%,EJ Atlas,Africa,Eastern Africa,Republic of Zambia
ZMB,2022,EJ Events,0.97445386721567,0.0026505111700113,%,EJ Atlas,Africa,Eastern Africa,Republic of Zambia
ZWE,2007,EJ Events,0.9442879135562208,0.0057803468208092,%,EJ Atlas,Africa,Eastern Africa,Republic of Zimbabwe
ZWE,2012,EJ Events,0.9497487437185933,0.0052137643378519,%,EJ Atlas,Africa,Eastern Africa,Republic of Zimbabwe
ZWE,2017,EJ Events,0.9598073771694176,0.0041701417848206,%,EJ Atlas,Africa,Eastern Africa,Republic of Zimbabwe
ZWE,2022,EJ Events,0.9635055245938139,0.0037864445285876,%,EJ Atlas,Africa,Eastern Africa,Republic of Zimbabwe
