,Region,Year,Indicator,continent,UNregion,name_official,Normalized
0,AFG,2007,EJ Index,Asia,Southern Asia,Islamic Republic of Afghanistan,0.6209001238291355
1,AFG,2012,EJ Index,Asia,Southern Asia,Islamic Republic of Afghanistan,0.6198800824988828
2,AFG,2017,EJ Index,Asia,Southern Asia,Islamic Republic of Afghanistan,0.6212417596913282
3,AFG,2022,EJ Index,Asia,Southern Asia,Islamic Republic of Afghanistan,0.6186517353598269
4,AGO,2007,EJ Index,Africa,Middle Africa,Republic of Angola,0.6647039393730425
5,AGO,2012,EJ Index,Africa,Middle Africa,Republic of Angola,0.6646271214541047
6,AGO,2017,EJ Index,Africa,Middle Africa,Republic of Angola,0.6698864526208912
7,AGO,2022,EJ Index,Africa,Middle Africa,Republic of Angola,0.6417693774900974
8,ALB,2007,EJ Index,Europe,Southern Europe,Republic of Albania,0.8028763522184159
9,ALB,2012,EJ Index,Europe,Southern Europe,Republic of Albania,0.7982063378244388
10,ALB,2017,EJ Index,Europe,Southern Europe,Republic of Albania,0.7776959421373422
11,ALB,2022,EJ Index,Europe,Southern Europe,Republic of Albania,0.8060136906984623
12,AND,2007,EJ Index,Europe,Southern Europe,Principality of Andorra,0.7598469380805704
13,AND,2012,EJ Index,Europe,Southern Europe,Principality of Andorra,0.7610809019884108
14,AND,2017,EJ Index,Europe,Southern Europe,Principality of Andorra,0.7590893357299942
15,AND,2022,EJ Index,Europe,Southern Europe,Principality of Andorra,0.7557823940549788
16,ARE,2007,EJ Index,Asia,Western Asia,United Arab Emirates,0.6911364619551215
17,ARE,2012,EJ Index,Asia,Western Asia,United Arab Emirates,0.6892600043587995
18,ARE,2017,EJ Index,Asia,Western Asia,United Arab Emirates,0.68860925792817
19,ARE,2022,EJ Index,Asia,Western Asia,United Arab Emirates,0.684493340657242
20,ARG,2007,EJ Index,America,South America,Argentine Republic,0.6705297676969956
21,ARG,2012,EJ Index,America,South America,Argentine Republic,0.6736994659535105
22,ARG,2017,EJ Index,America,South America,Argentine Republic,0.7034435094924378
23,ARG,2022,EJ Index,America,South America,Argentine Republic,0.694208765717814
24,ARM,2007,EJ Index,Asia,Western Asia,Republic of Armenia,0.8122999210592535
25,ARM,2012,EJ Index,Asia,Western Asia,Republic of Armenia,0.8131302455947484
26,ARM,2017,EJ Index,Asia,Western Asia,Republic of Armenia,0.8128456990026884
27,ARM,2022,EJ Index,Asia,Western Asia,Republic of Armenia,0.814370301286715
28,ASM,2007,EJ Index,Oceania,Polynesia,American Samoa,0.7083221846572434
29,ASM,2012,EJ Index,Oceania,Polynesia,American Samoa,0.7058847730110963
30,ASM,2017,EJ Index,Oceania,Polynesia,American Samoa,0.7053707064359549
31,ASM,2022,EJ Index,Oceania,Polynesia,American Samoa,0.7121559287331151
32,ATG,2007,EJ Index,America,Caribbean,Antigua and Barbuda,0.7675012773473712
33,ATG,2012,EJ Index,America,Caribbean,Antigua and Barbuda,0.7685805164971542
34,ATG,2017,EJ Index,America,Caribbean,Antigua and Barbuda,0.7405893626854805
35,ATG,2022,EJ Index,America,Caribbean,Antigua and Barbuda,0.7326313987081652
36,AUS,2007,EJ Index,Oceania,Australia and New Zealand,Commonwealth of Australia,0.7074895815078843
37,AUS,2012,EJ Index,Oceania,Australia and New Zealand,Commonwealth of Australia,0.7014446777848113
38,AUS,2017,EJ Index,Oceania,Australia and New Zealand,Commonwealth of Australia,0.7148317170545752
39,AUS,2022,EJ Index,Oceania,Australia and New Zealand,Commonwealth of Australia,0.7165810925925463
40,AUT,2007,EJ Index,Europe,Western Europe,Republic of Austria,0.8568802118661603
41,AUT,2012,EJ Index,Europe,Western Europe,Republic of Austria,0.8649272067681858
42,AUT,2017,EJ Index,Europe,Western Europe,Republic of Austria,0.8665174361318879
43,AUT,2022,EJ Index,Europe,Western Europe,Republic of Austria,0.8514084509478763
44,AZE,2007,EJ Index,Asia,Western Asia,Republic of Azerbaijan,0.7868745045002392
45,AZE,2012,EJ Index,Asia,Western Asia,Republic of Azerbaijan,0.7875776666175507
46,AZE,2017,EJ Index,Asia,Western Asia,Republic of Azerbaijan,0.7856527527525077
47,AZE,2022,EJ Index,Asia,Western Asia,Republic of Azerbaijan,0.7794651014709095
48,BDI,2007,EJ Index,Africa,Eastern Africa,Republic of Burundi,0.6317931343165998
49,BDI,2012,EJ Index,Africa,Eastern Africa,Republic of Burundi,0.6303390254763954
50,BDI,2017,EJ Index,Africa,Eastern Africa,Republic of Burundi,0.6474164565636416
51,BDI,2022,EJ Index,Africa,Eastern Africa,Republic of Burundi,0.6721585937979269
52,BEL,2007,EJ Index,Europe,Western Europe,Kingdom of Belgium,0.8642535557189771
53,BEL,2012,EJ Index,Europe,Western Europe,Kingdom of Belgium,0.8812198804873319
54,BEL,2017,EJ Index,Europe,Western Europe,Kingdom of Belgium,0.8693332586728038
55,BEL,2022,EJ Index,Europe,Western Europe,Kingdom of Belgium,0.8630932101744773
56,BEN,2007,EJ Index,Africa,Western Africa,Republic of Benin,0.6801787758342203
57,BEN,2012,EJ Index,Africa,Western Africa,Republic of Benin,0.6876714608243205
58,BEN,2017,EJ Index,Africa,Western Africa,Republic of Benin,0.6902344938528685
59,BEN,2022,EJ Index,Africa,Western Africa,Republic of Benin,0.6927284911800138
60,BFA,2007,EJ Index,Africa,Western Africa,Burkina Faso,0.6570212937788815
61,BFA,2012,EJ Index,Africa,Western Africa,Burkina Faso,0.6602159889172714
62,BFA,2017,EJ Index,Africa,Western Africa,Burkina Faso,0.659848351887447
63,BFA,2022,EJ Index,Africa,Western Africa,Burkina Faso,0.659952575842889
64,BGD,2007,EJ Index,Asia,Southern Asia,People's Republic of Bangladesh,0.6563044301348963
65,BGD,2012,EJ Index,Asia,Southern Asia,People's Republic of Bangladesh,0.6544247270004351
66,BGD,2017,EJ Index,Asia,Southern Asia,People's Republic of Bangladesh,0.6542376606706988
67,BGD,2022,EJ Index,Asia,Southern Asia,People's Republic of Bangladesh,0.646900920003354
68,BGR,2007,EJ Index,Europe,Eastern Europe,Republic of Bulgaria,0.8459380520471705
69,BGR,2012,EJ Index,Europe,Eastern Europe,Republic of Bulgaria,0.8515436914343892
70,BGR,2017,EJ Index,Europe,Eastern Europe,Republic of Bulgaria,0.8535201912601993
71,BGR,2022,EJ Index,Europe,Eastern Europe,Republic of Bulgaria,0.8489141005636309
72,BHR,2007,EJ Index,Asia,Western Asia,Kingdom of Bahrain,0.5810187563351832
73,BHR,2012,EJ Index,Asia,Western Asia,Kingdom of Bahrain,0.584152845607721
74,BHR,2017,EJ Index,Asia,Western Asia,Kingdom of Bahrain,0.6130983023908123
75,BHR,2022,EJ Index,Asia,Western Asia,Kingdom of Bahrain,0.507596786125353
76,BHS,2007,EJ Index,America,Caribbean,Commonwealth of the Bahamas,0.7333308733809214
77,BHS,2012,EJ Index,America,Caribbean,Commonwealth of the Bahamas,0.7343613928748336
78,BHS,2017,EJ Index,America,Caribbean,Commonwealth of the Bahamas,0.6998823995524159
79,BHS,2022,EJ Index,America,Caribbean,Commonwealth of the Bahamas,0.6914166709451035
80,BIH,2007,EJ Index,Europe,Southern Europe,Bosnia and Herzegovina,0.7788973505650895
81,BIH,2012,EJ Index,Europe,Southern Europe,Bosnia and Herzegovina,0.7759225112910744
82,BIH,2017,EJ Index,Europe,Southern Europe,Bosnia and Herzegovina,0.7689541537479452
83,BIH,2022,EJ Index,Europe,Southern Europe,Bosnia and Herzegovina,0.7859180679985609
84,BLR,2007,EJ Index,Europe,Eastern Europe,Republic of Belarus,0.797607141965613
85,BLR,2012,EJ Index,Europe,Eastern Europe,Republic of Belarus,0.7958610252291498
86,BLR,2017,EJ Index,Europe,Eastern Europe,Republic of Belarus,0.798102148586675
87,BLR,2022,EJ Index,Europe,Eastern Europe,Republic of Belarus,0.7734923298270968
88,BLZ,2007,EJ Index,America,Central America,Belize,0.7115723119842515
89,BLZ,2012,EJ Index,America,Central America,Belize,0.711406855946114
90,BLZ,2017,EJ Index,America,Central America,Belize,0.7028470886290505
91,BLZ,2022,EJ Index,America,Central America,Belize,0.7079909740899082
92,BMU,2007,EJ Index,America,Northern America,Bermuda,0.6094082218297459
93,BMU,2012,EJ Index,America,Northern America,Bermuda,0.6237688524071212
94,BMU,2017,EJ Index,America,Northern America,Bermuda,0.617675947704988
95,BMU,2022,EJ Index,America,Northern America,Bermuda,0.6037126443442979
96,BOL,2007,EJ Index,America,South America,Plurinational State of Bolivia,0.6749661820566544
97,BOL,2012,EJ Index,America,South America,Plurinational State of Bolivia,0.6779502762165597
98,BOL,2017,EJ Index,America,South America,Plurinational State of Bolivia,0.6926407733347174
99,BOL,2022,EJ Index,America,South America,Plurinational State of Bolivia,0.6742129228211204
100,BRA,2007,EJ Index,America,South America,Federative Republic of Brazil,0.64742584115064
101,BRA,2012,EJ Index,America,South America,Federative Republic of Brazil,0.6517622715045919
102,BRA,2017,EJ Index,America,South America,Federative Republic of Brazil,0.6619972535038445
103,BRA,2022,EJ Index,America,South America,Federative Republic of Brazil,0.6658920597994502
104,BRB,2007,EJ Index,America,Caribbean,Barbados,0.8515691184619318
105,BRB,2012,EJ Index,America,Caribbean,Barbados,0.8539901551719028
106,BRB,2017,EJ Index,America,Caribbean,Barbados,0.7404376843123357
107,BRB,2022,EJ Index,America,Caribbean,Barbados,0.7411423073170216
108,BRN,2007,EJ Index,Asia,South-eastern Asia,"Nation of Brunei, Abode of Peace",0.6226841849618092
109,BRN,2012,EJ Index,Asia,South-eastern Asia,"Nation of Brunei, Abode of Peace",0.621593204280466
110,BRN,2017,EJ Index,Asia,South-eastern Asia,"Nation of Brunei, Abode of Peace",0.6342175403645607
111,BRN,2022,EJ Index,Asia,South-eastern Asia,"Nation of Brunei, Abode of Peace",0.6139348079108127
112,BTN,2007,EJ Index,Asia,Southern Asia,Kingdom of Bhutan,0.644723864724064
113,BTN,2012,EJ Index,Asia,Southern Asia,Kingdom of Bhutan,0.6491226092510964
114,BTN,2017,EJ Index,Asia,Southern Asia,Kingdom of Bhutan,0.6664964706472061
115,BTN,2022,EJ Index,Asia,Southern Asia,Kingdom of Bhutan,0.673444375160827
116,BWA,2007,EJ Index,Africa,Southern Africa,Republic of Botswana,0.6925034150213963
117,BWA,2012,EJ Index,Africa,Southern Africa,Republic of Botswana,0.6922928168381883
118,BWA,2017,EJ Index,Africa,Southern Africa,Republic of Botswana,0.6953808809751212
119,BWA,2022,EJ Index,Africa,Southern Africa,Republic of Botswana,0.7017960845890621
120,CAF,2007,EJ Index,Africa,Middle Africa,Central African Republic,0.6156400348905116
121,CAF,2012,EJ Index,Africa,Middle Africa,Central African Republic,0.6207854180271315
122,CAF,2017,EJ Index,Africa,Middle Africa,Central African Republic,0.6233433299093141
123,CAF,2022,EJ Index,Africa,Middle Africa,Central African Republic,0.631823794333373
124,CAN,2007,EJ Index,America,Northern America,Canada,0.849569782010426
125,CAN,2012,EJ Index,America,Northern America,Canada,0.8525126932985454
126,CAN,2017,EJ Index,America,Northern America,Canada,0.8493217138690801
127,CAN,2022,EJ Index,America,Northern America,Canada,0.8599776456217034
128,CHE,2007,EJ Index,Europe,Western Europe,Swiss Confederation,0.8800302874557453
129,CHE,2012,EJ Index,Europe,Western Europe,Swiss Confederation,0.887926932342596
130,CHE,2017,EJ Index,Europe,Western Europe,Swiss Confederation,0.8941884291461571
131,CHE,2022,EJ Index,Europe,Western Europe,Swiss Confederation,0.8905065491244495
132,CHL,2007,EJ Index,America,South America,Republic of Chile,0.7012938991202838
133,CHL,2012,EJ Index,America,South America,Republic of Chile,0.698912785411961
134,CHL,2017,EJ Index,America,South America,Republic of Chile,0.6946342307646562
135,CHL,2022,EJ Index,America,South America,Republic of Chile,0.6956441058115277
136,CHN,2007,EJ Index,Asia,Eastern Asia,People's Republic of China,0.6623568550661927
137,CHN,2012,EJ Index,Asia,Eastern Asia,People's Republic of China,0.6380014757721526
138,CHN,2017,EJ Index,Asia,Eastern Asia,People's Republic of China,0.6225429710765602
139,CHN,2022,EJ Index,Asia,Eastern Asia,People's Republic of China,0.6344938168276385
140,CIV,2007,EJ Index,Africa,Western Africa,Republic of Côte d'Ivoire,0.6864141552555678
141,CIV,2012,EJ Index,Africa,Western Africa,Republic of Côte d'Ivoire,0.6820026384338593
142,CIV,2017,EJ Index,Africa,Western Africa,Republic of Côte d'Ivoire,0.6809275172104501
143,CIV,2022,EJ Index,Africa,Western Africa,Republic of Côte d'Ivoire,0.6946333729536903
144,CMR,2007,EJ Index,Africa,Middle Africa,Republic of Cameroon,0.6721829948808848
145,CMR,2012,EJ Index,Africa,Middle Africa,Republic of Cameroon,0.6709615714876431
146,CMR,2017,EJ Index,Africa,Middle Africa,Republic of Cameroon,0.6750726035632653
147,CMR,2022,EJ Index,Africa,Middle Africa,Republic of Cameroon,0.6839074347518224
148,COD,2007,EJ Index,Africa,Middle Africa,Democratic Republic of the Congo,0.6484574982367374
149,COD,2012,EJ Index,Africa,Middle Africa,Democratic Republic of the Congo,0.6403559746667993
150,COD,2017,EJ Index,Africa,Middle Africa,Democratic Republic of the Congo,0.6453984130813535
151,COD,2022,EJ Index,Africa,Middle Africa,Democratic Republic of the Congo,0.6575769528839923
152,COG,2007,EJ Index,Africa,Middle Africa,Republic of the Congo,0.67390857714511
153,COG,2012,EJ Index,Africa,Middle Africa,Republic of the Congo,0.6791870190144582
154,COG,2017,EJ Index,Africa,Middle Africa,Republic of the Congo,0.6903963516991836
155,COG,2022,EJ Index,Africa,Middle Africa,Republic of the Congo,0.7024655097908845
156,COL,2007,EJ Index,America,South America,Republic of Colombia,0.6528119865916955
157,COL,2012,EJ Index,America,South America,Republic of Colombia,0.642362624056352
158,COL,2017,EJ Index,America,South America,Republic of Colombia,0.6622497425936467
159,COL,2022,EJ Index,America,South America,Republic of Colombia,0.6590453886131777
160,COM,2007,EJ Index,Africa,Eastern Africa,Union of the Comoros,0.6624881350106664
161,COM,2012,EJ Index,Africa,Eastern Africa,Union of the Comoros,0.6560350378517574
162,COM,2017,EJ Index,Africa,Eastern Africa,Union of the Comoros,0.6497201017563305
163,COM,2022,EJ Index,Africa,Eastern Africa,Union of the Comoros,0.6466938626821792
164,CPV,2007,EJ Index,Africa,Western Africa,Republic of Cabo Verde,0.6993062439207062
165,CPV,2012,EJ Index,Africa,Western Africa,Republic of Cabo Verde,0.6984392747757378
166,CPV,2017,EJ Index,Africa,Western Africa,Republic of Cabo Verde,0.7001076920301386
167,CPV,2022,EJ Index,Africa,Western Africa,Republic of Cabo Verde,0.6916738419076209
168,CRI,2007,EJ Index,America,Central America,Republic of Costa Rica,0.7070923277616614
169,CRI,2012,EJ Index,America,Central America,Republic of Costa Rica,0.7225167739869363
170,CRI,2017,EJ Index,America,Central America,Republic of Costa Rica,0.7344156489716989
171,CRI,2022,EJ Index,America,Central America,Republic of Costa Rica,0.7362514695305773
172,CUB,2007,EJ Index,America,Caribbean,Republic of Cuba,0.6966506095131586
173,CUB,2012,EJ Index,America,Caribbean,Republic of Cuba,0.7003257528256084
174,CUB,2017,EJ Index,America,Caribbean,Republic of Cuba,0.7072328174629734
175,CUB,2022,EJ Index,America,Caribbean,Republic of Cuba,0.7033661060111704
176,CUW,2007,EJ Index,America,Caribbean,Country of Curaçao,0.7146666029080033
177,CUW,2012,EJ Index,America,Caribbean,Country of Curaçao,0.7156885905105923
178,CUW,2017,EJ Index,America,Caribbean,Country of Curaçao,0.7189773492840705
179,CUW,2022,EJ Index,America,Caribbean,Country of Curaçao,0.7136955535059311
180,CYM,2007,EJ Index,America,Caribbean,Cayman Islands,0.7466893843068108
181,CYM,2012,EJ Index,America,Caribbean,Cayman Islands,0.7657605359664525
182,CYM,2017,EJ Index,America,Caribbean,Cayman Islands,0.7389221415001042
183,CYM,2022,EJ Index,America,Caribbean,Cayman Islands,0.7354253787991708
184,CYP,2007,EJ Index,Asia,Western Asia,Republic of Cyprus,0.8826860809392485
185,CYP,2012,EJ Index,Asia,Western Asia,Republic of Cyprus,0.88645181361706
186,CYP,2017,EJ Index,Asia,Western Asia,Republic of Cyprus,0.8868532338482911
187,CYP,2022,EJ Index,Asia,Western Asia,Republic of Cyprus,0.8844560348483783
188,CZE,2007,EJ Index,Europe,Eastern Europe,Czech Republic,0.8770668750573226
189,CZE,2012,EJ Index,Europe,Eastern Europe,Czech Republic,0.8825966100389857
190,CZE,2017,EJ Index,Europe,Eastern Europe,Czech Republic,0.8785536936558433
191,CZE,2022,EJ Index,Europe,Eastern Europe,Czech Republic,0.8906962735229683
192,DEU,2007,EJ Index,Europe,Western Europe,Federal Republic of Germany,0.9129778676149056
193,DEU,2012,EJ Index,Europe,Western Europe,Federal Republic of Germany,0.9228715733583235
194,DEU,2017,EJ Index,Europe,Western Europe,Federal Republic of Germany,0.9220590360038519
195,DEU,2022,EJ Index,Europe,Western Europe,Federal Republic of Germany,0.9072181826675811
196,DJI,2007,EJ Index,Africa,Eastern Africa,Republic of Djibouti,0.6271210537394855
197,DJI,2012,EJ Index,Africa,Eastern Africa,Republic of Djibouti,0.627525307507586
198,DJI,2017,EJ Index,Africa,Eastern Africa,Republic of Djibouti,0.6270786819679328
199,DJI,2022,EJ Index,Africa,Eastern Africa,Republic of Djibouti,0.628781513709691
200,DMA,2007,EJ Index,America,Caribbean,Commonwealth of Dominica,0.7043609651352218
201,DMA,2012,EJ Index,America,Caribbean,Commonwealth of Dominica,0.7025909099460429
202,DMA,2017,EJ Index,America,Caribbean,Commonwealth of Dominica,0.7044506198854444
203,DMA,2022,EJ Index,America,Caribbean,Commonwealth of Dominica,0.6977955365896988
204,DNK,2007,EJ Index,Europe,Northern Europe,Kingdom of Denmark,0.875833164448382
205,DNK,2012,EJ Index,Europe,Northern Europe,Kingdom of Denmark,0.8823800346474002
206,DNK,2017,EJ Index,Europe,Northern Europe,Kingdom of Denmark,0.8817651537309765
207,DNK,2022,EJ Index,Europe,Northern Europe,Kingdom of Denmark,0.8841007498511142
208,DOM,2007,EJ Index,America,Caribbean,Dominican Republic,0.7338176385631714
209,DOM,2012,EJ Index,America,Caribbean,Dominican Republic,0.7334285441428804
210,DOM,2017,EJ Index,America,Caribbean,Dominican Republic,0.7055863396083918
211,DOM,2022,EJ Index,America,Caribbean,Dominican Republic,0.6956342489427358
212,DZA,2007,EJ Index,Africa,Northern Africa,People's Democratic Republic of Algeria,0.6552405306887285
213,DZA,2012,EJ Index,Africa,Northern Africa,People's Democratic Republic of Algeria,0.6548942016555028
214,DZA,2017,EJ Index,Africa,Northern Africa,People's Democratic Republic of Algeria,0.6630951663846758
215,DZA,2022,EJ Index,Africa,Northern Africa,People's Democratic Republic of Algeria,0.5661128620760417
216,ECU,2007,EJ Index,America,South America,Republic of Ecuador,0.6624438844223928
217,ECU,2012,EJ Index,America,South America,Republic of Ecuador,0.6646299454420213
218,ECU,2017,EJ Index,America,South America,Republic of Ecuador,0.6685994773127995
219,ECU,2022,EJ Index,America,South America,Republic of Ecuador,0.6622311003080945
220,EGY,2007,EJ Index,Africa,Northern Africa,Arab Republic of Egypt,0.6897185921783049
221,EGY,2012,EJ Index,Africa,Northern Africa,Arab Republic of Egypt,0.6895203301076458
222,EGY,2017,EJ Index,Africa,Northern Africa,Arab Republic of Egypt,0.6820085998142991
223,EGY,2022,EJ Index,Africa,Northern Africa,Arab Republic of Egypt,0.6659955961125835
224,ERI,2007,EJ Index,Africa,Eastern Africa,State of Eritrea,0.6362670583518926
225,ERI,2012,EJ Index,Africa,Eastern Africa,State of Eritrea,0.6377525134812361
226,ERI,2017,EJ Index,Africa,Eastern Africa,State of Eritrea,0.635994170165581
227,ERI,2022,EJ Index,Africa,Eastern Africa,State of Eritrea,0.6412604440987363
228,ESP,2007,EJ Index,Europe,Southern Europe,Kingdom of Spain,0.8033812641781722
229,ESP,2012,EJ Index,Europe,Southern Europe,Kingdom of Spain,0.8182988814047041
230,ESP,2017,EJ Index,Europe,Southern Europe,Kingdom of Spain,0.8091850571297681
231,ESP,2022,EJ Index,Europe,Southern Europe,Kingdom of Spain,0.8064162103397613
232,EST,2007,EJ Index,Europe,Northern Europe,Republic of Estonia,0.8453209306678608
233,EST,2012,EJ Index,Europe,Northern Europe,Republic of Estonia,0.8501094640493814
234,EST,2017,EJ Index,Europe,Northern Europe,Republic of Estonia,0.8519031635023893
235,EST,2022,EJ Index,Europe,Northern Europe,Republic of Estonia,0.8746998692321897
236,ETH,2007,EJ Index,Africa,Eastern Africa,Federal Democratic Republic of Ethiopia,0.6416625660722779
237,ETH,2012,EJ Index,Africa,Eastern Africa,Federal Democratic Republic of Ethiopia,0.6396072765367029
238,ETH,2017,EJ Index,Africa,Eastern Africa,Federal Democratic Republic of Ethiopia,0.6392973285813632
239,ETH,2022,EJ Index,Africa,Eastern Africa,Federal Democratic Republic of Ethiopia,0.6290126953813215
240,FIN,2007,EJ Index,Europe,Northern Europe,Republic of Finland,0.8908618093831806
241,FIN,2012,EJ Index,Europe,Northern Europe,Republic of Finland,0.897638523264447
242,FIN,2017,EJ Index,Europe,Northern Europe,Republic of Finland,0.9006498543943966
243,FIN,2022,EJ Index,Europe,Northern Europe,Republic of Finland,0.8888464000455901
244,FJI,2007,EJ Index,Oceania,Melanesia,Republic of Fiji,0.6680075291633181
245,FJI,2012,EJ Index,Oceania,Melanesia,Republic of Fiji,0.6678171027429163
246,FJI,2017,EJ Index,Oceania,Melanesia,Republic of Fiji,0.6759515985551221
247,FJI,2022,EJ Index,Oceania,Melanesia,Republic of Fiji,0.6773046214592287
248,FRA,2007,EJ Index,Europe,Western Europe,French Republic,0.8322053943631197
249,FRA,2012,EJ Index,Europe,Western Europe,French Republic,0.8352382688488086
250,FRA,2017,EJ Index,Europe,Western Europe,French Republic,0.8391039557042791
251,FRA,2022,EJ Index,Europe,Western Europe,French Republic,0.8328500230869534
252,FRO,2007,EJ Index,Europe,Northern Europe,Faroe Islands,0.7154165263795415
253,FRO,2012,EJ Index,Europe,Northern Europe,Faroe Islands,0.7173582294980251
254,FRO,2017,EJ Index,Europe,Northern Europe,Faroe Islands,0.7175648413587146
255,FRO,2022,EJ Index,Europe,Northern Europe,Faroe Islands,0.7254574793642077
256,FSM,2007,EJ Index,Oceania,Micronesia,Federated States of Micronesia,0.6349258045176024
257,FSM,2012,EJ Index,Oceania,Micronesia,Federated States of Micronesia,0.6327023242879719
258,FSM,2017,EJ Index,Oceania,Micronesia,Federated States of Micronesia,0.6327404077989714
259,FSM,2022,EJ Index,Oceania,Micronesia,Federated States of Micronesia,0.6301978502356265
260,GAB,2007,EJ Index,Africa,Middle Africa,Gabonese Republic,0.6978474521015834
261,GAB,2012,EJ Index,Africa,Middle Africa,Gabonese Republic,0.7080764614286225
262,GAB,2017,EJ Index,Africa,Middle Africa,Gabonese Republic,0.7148380807151988
263,GAB,2022,EJ Index,Africa,Middle Africa,Gabonese Republic,0.7262088940160165
264,GBR,2007,EJ Index,Europe,Northern Europe,United Kingdom of Great Britain and Northern Ireland,0.8880660312331426
265,GBR,2012,EJ Index,Europe,Northern Europe,United Kingdom of Great Britain and Northern Ireland,0.8946116825558774
266,GBR,2017,EJ Index,Europe,Northern Europe,United Kingdom of Great Britain and Northern Ireland,0.9004283935937274
267,GBR,2022,EJ Index,Europe,Northern Europe,United Kingdom of Great Britain and Northern Ireland,0.8981319394324758
268,GEO,2007,EJ Index,Asia,Western Asia,Georgia,0.7988357277340404
269,GEO,2012,EJ Index,Asia,Western Asia,Georgia,0.8000039355510737
270,GEO,2017,EJ Index,Asia,Western Asia,Georgia,0.80111095891233
271,GEO,2022,EJ Index,Asia,Western Asia,Georgia,0.7362166086421161
272,GHA,2007,EJ Index,Africa,Western Africa,Republic of Ghana,0.6591794355548531
273,GHA,2012,EJ Index,Africa,Western Africa,Republic of Ghana,0.6642649079485926
274,GHA,2017,EJ Index,Africa,Western Africa,Republic of Ghana,0.6643021652681628
275,GHA,2022,EJ Index,Africa,Western Africa,Republic of Ghana,0.6721193546143491
276,GIB,2007,EJ Index,Europe,Southern Europe,Gibraltar,0.7190238058487515
277,GIB,2012,EJ Index,Europe,Southern Europe,Gibraltar,0.7194955426840706
278,GIB,2017,EJ Index,Europe,Southern Europe,Gibraltar,0.717825447274345
279,GIB,2022,EJ Index,Europe,Southern Europe,Gibraltar,0.7180436333249516
280,GIN,2007,EJ Index,Africa,Western Africa,Republic of Guinea,0.637810681140827
281,GIN,2012,EJ Index,Africa,Western Africa,Republic of Guinea,0.6380691971675918
282,GIN,2017,EJ Index,Africa,Western Africa,Republic of Guinea,0.6313505426037725
283,GIN,2022,EJ Index,Africa,Western Africa,Republic of Guinea,0.644424328035788
284,GMB,2007,EJ Index,Africa,Western Africa,Republic of the Gambia,0.6503896971158758
285,GMB,2012,EJ Index,Africa,Western Africa,Republic of the Gambia,0.6596644371945404
286,GMB,2017,EJ Index,Africa,Western Africa,Republic of the Gambia,0.6603143544527748
287,GMB,2022,EJ Index,Africa,Western Africa,Republic of the Gambia,0.6619098819000521
288,GNB,2007,EJ Index,Africa,Western Africa,Republic of Guinea-Bissau,0.6428960361243441
289,GNB,2012,EJ Index,Africa,Western Africa,Republic of Guinea-Bissau,0.6426456292673288
290,GNB,2017,EJ Index,Africa,Western Africa,Republic of Guinea-Bissau,0.6431355789780998
291,GNB,2022,EJ Index,Africa,Western Africa,Republic of Guinea-Bissau,0.6540288507010052
292,GNQ,2007,EJ Index,Africa,Middle Africa,Republic of Equatorial Guinea,0.6357910649172611
293,GNQ,2012,EJ Index,Africa,Middle Africa,Republic of Equatorial Guinea,0.6464880312197379
294,GNQ,2017,EJ Index,Africa,Middle Africa,Republic of Equatorial Guinea,0.6528609535022423
295,GNQ,2022,EJ Index,Africa,Middle Africa,Republic of Equatorial Guinea,0.6591413016572405
296,GRC,2007,EJ Index,Europe,Southern Europe,Hellenic Republic,0.7846652379472849
297,GRC,2012,EJ Index,Europe,Southern Europe,Hellenic Republic,0.7883945146509233
298,GRC,2017,EJ Index,Europe,Southern Europe,Hellenic Republic,0.7888299992034491
299,GRC,2022,EJ Index,Europe,Southern Europe,Hellenic Republic,0.7801575217007481
300,GRD,2007,EJ Index,America,Caribbean,Grenada,0.7262504427660921
301,GRD,2012,EJ Index,America,Caribbean,Grenada,0.7239130589268667
302,GRD,2017,EJ Index,America,Caribbean,Grenada,0.6978121230328345
303,GRD,2022,EJ Index,America,Caribbean,Grenada,0.6893374796209266
304,GRL,2007,EJ Index,America,Northern America,Greenland,0.6883197957937766
305,GRL,2012,EJ Index,America,Northern America,Greenland,0.7007713052499769
306,GRL,2017,EJ Index,America,Northern America,Greenland,0.6947900343845641
307,GRL,2022,EJ Index,America,Northern America,Greenland,0.6842187905133186
308,GTM,2007,EJ Index,America,Central America,Republic of Guatemala,0.6607203310350565
309,GTM,2012,EJ Index,America,Central America,Republic of Guatemala,0.6611819942131465
310,GTM,2017,EJ Index,America,Central America,Republic of Guatemala,0.6595137459288999
311,GTM,2022,EJ Index,America,Central America,Republic of Guatemala,0.6627203532537589
312,GUM,2007,EJ Index,Oceania,Micronesia,Guam,0.6112950809307218
313,GUM,2012,EJ Index,Oceania,Micronesia,Guam,0.6007608892558725
314,GUM,2017,EJ Index,Oceania,Micronesia,Guam,0.5974863554348905
315,GUM,2022,EJ Index,Oceania,Micronesia,Guam,0.5909179764828417
316,GUY,2007,EJ Index,America,South America,Co-operative Republic of Guyana,0.7088959480303405
317,GUY,2012,EJ Index,America,South America,Co-operative Republic of Guyana,0.7058830218416948
318,GUY,2017,EJ Index,America,South America,Co-operative Republic of Guyana,0.7037953138968841
319,GUY,2022,EJ Index,America,South America,Co-operative Republic of Guyana,0.7045483452663763
320,HKG,2007,EJ Index,Asia,Eastern Asia,Hong Kong SAR,0.7246167558945491
321,HKG,2012,EJ Index,Asia,Eastern Asia,Hong Kong SAR,0.7237063025915034
322,HKG,2017,EJ Index,Asia,Eastern Asia,Hong Kong SAR,0.7191497922727631
323,HKG,2022,EJ Index,Asia,Eastern Asia,Hong Kong SAR,0.7193431160222674
324,HND,2007,EJ Index,America,Central America,Republic of Honduras,0.6524447323596587
325,HND,2012,EJ Index,America,Central America,Republic of Honduras,0.6571252024906692
326,HND,2017,EJ Index,America,Central America,Republic of Honduras,0.6602186157629106
327,HND,2022,EJ Index,America,Central America,Republic of Honduras,0.6587541132264179
328,HRV,2007,EJ Index,Europe,Southern Europe,Republic of Croatia,0.8531658650405676
329,HRV,2012,EJ Index,Europe,Southern Europe,Republic of Croatia,0.8562805552176067
330,HRV,2017,EJ Index,Europe,Southern Europe,Republic of Croatia,0.8610029380418642
331,HRV,2022,EJ Index,Europe,Southern Europe,Republic of Croatia,0.8653364412021476
332,HTI,2007,EJ Index,America,Caribbean,Republic of Haiti,0.670905025264837
333,HTI,2012,EJ Index,America,Caribbean,Republic of Haiti,0.6689920674514969
334,HTI,2017,EJ Index,America,Caribbean,Republic of Haiti,0.6389280539201834
335,HTI,2022,EJ Index,America,Caribbean,Republic of Haiti,0.6339636159986688
336,HUN,2007,EJ Index,Europe,Eastern Europe,Republic of Hungary,0.8375272506853296
337,HUN,2012,EJ Index,Europe,Eastern Europe,Republic of Hungary,0.8421219848944088
338,HUN,2017,EJ Index,Europe,Eastern Europe,Republic of Hungary,0.8428405822797924
339,HUN,2022,EJ Index,Europe,Eastern Europe,Republic of Hungary,0.833751576376306
340,IDN,2007,EJ Index,Asia,South-eastern Asia,Republic of Indonesia,0.661127791210453
341,IDN,2012,EJ Index,Asia,South-eastern Asia,Republic of Indonesia,0.6562393345699089
342,IDN,2017,EJ Index,Asia,South-eastern Asia,Republic of Indonesia,0.6475299736547999
343,IDN,2022,EJ Index,Asia,South-eastern Asia,Republic of Indonesia,0.6293328167671457
344,IMN,2007,EJ Index,Europe,Northern Europe,Isle of Man,0.7733735156268533
345,IMN,2012,EJ Index,Europe,Northern Europe,Isle of Man,0.8119818854120036
346,IMN,2017,EJ Index,Europe,Northern Europe,Isle of Man,0.8121884972726932
347,IMN,2022,EJ Index,Europe,Northern Europe,Isle of Man,0.818306941729799
348,IND,2007,EJ Index,Asia,Southern Asia,Republic of India,0.5684283250644464
349,IND,2012,EJ Index,Asia,Southern Asia,Republic of India,0.5632327783053139
350,IND,2017,EJ Index,Asia,Southern Asia,Republic of India,0.5501265725191655
351,IND,2022,EJ Index,Asia,Southern Asia,Republic of India,0.5550178060433739
352,IRL,2007,EJ Index,Europe,Northern Europe,Ireland,0.863617724732335
353,IRL,2012,EJ Index,Europe,Northern Europe,Ireland,0.8731590551523861
354,IRL,2017,EJ Index,Europe,Northern Europe,Ireland,0.8752881983967832
355,IRL,2022,EJ Index,Europe,Northern Europe,Ireland,0.8805134944787569
356,IRN,2007,EJ Index,Asia,Southern Asia,Islamic Republic of Iran,0.6853844032317451
357,IRN,2012,EJ Index,Asia,Southern Asia,Islamic Republic of Iran,0.6884551913231404
358,IRN,2017,EJ Index,Asia,Southern Asia,Islamic Republic of Iran,0.6814506848898149
359,IRN,2022,EJ Index,Asia,Southern Asia,Islamic Republic of Iran,0.6418932595785576
360,IRQ,2007,EJ Index,Asia,Western Asia,Republic of Iraq,0.6649926290206452
361,IRQ,2012,EJ Index,Asia,Western Asia,Republic of Iraq,0.6592612182779081
362,IRQ,2017,EJ Index,Asia,Western Asia,Republic of Iraq,0.655683043628678
363,IRQ,2022,EJ Index,Asia,Western Asia,Republic of Iraq,0.6319508846795516
364,ISL,2007,EJ Index,Europe,Northern Europe,Republic of Iceland,0.817876105613794
365,ISL,2012,EJ Index,Europe,Northern Europe,Republic of Iceland,0.8256282389562077
366,ISL,2017,EJ Index,Europe,Northern Europe,Republic of Iceland,0.8272610629839917
367,ISL,2022,EJ Index,Europe,Northern Europe,Republic of Iceland,0.8578755053740164
368,ISR,2007,EJ Index,Asia,Western Asia,State of Israel,0.7802776141982699
369,ISR,2012,EJ Index,Asia,Western Asia,State of Israel,0.7806639863338218
370,ISR,2017,EJ Index,Asia,Western Asia,State of Israel,0.7776886513372967
371,ISR,2022,EJ Index,Asia,Western Asia,State of Israel,0.7908216929403183
372,ITA,2007,EJ Index,Europe,Southern Europe,Italian Republic,0.8338880637683337
373,ITA,2012,EJ Index,Europe,Southern Europe,Italian Republic,0.8414518477360301
374,ITA,2017,EJ Index,Europe,Southern Europe,Italian Republic,0.8419908306003938
375,ITA,2022,EJ Index,Europe,Southern Europe,Italian Republic,0.8462425758944793
376,JAM,2007,EJ Index,America,Caribbean,Jamaica,0.7185301137598775
377,JAM,2012,EJ Index,America,Caribbean,Jamaica,0.7220426290890953
378,JAM,2017,EJ Index,America,Caribbean,Jamaica,0.6926352086038781
379,JAM,2022,EJ Index,America,Caribbean,Jamaica,0.6910779875989824
380,JOR,2007,EJ Index,Asia,Western Asia,Hashemite Kingdom of Jordan,0.7276327895288646
381,JOR,2012,EJ Index,Asia,Western Asia,Hashemite Kingdom of Jordan,0.7279855173911264
382,JOR,2017,EJ Index,Asia,Western Asia,Hashemite Kingdom of Jordan,0.7340734521999772
383,JOR,2022,EJ Index,Asia,Western Asia,Hashemite Kingdom of Jordan,0.7321345781755424
384,JPN,2007,EJ Index,Asia,Eastern Asia,Japan,0.7445332078089022
385,JPN,2012,EJ Index,Asia,Eastern Asia,Japan,0.7517342085410947
386,JPN,2017,EJ Index,Asia,Eastern Asia,Japan,0.7445215848270121
387,JPN,2022,EJ Index,Asia,Eastern Asia,Japan,0.7298322205789571
388,KAZ,2007,EJ Index,Asia,Central Asia,Republic of Kazakhstan,0.7709956425463094
389,KAZ,2012,EJ Index,Asia,Central Asia,Republic of Kazakhstan,0.7727774847595477
390,KAZ,2017,EJ Index,Asia,Central Asia,Republic of Kazakhstan,0.7692953880169784
391,KAZ,2022,EJ Index,Asia,Central Asia,Republic of Kazakhstan,0.7516760487384156
392,KEN,2007,EJ Index,Africa,Eastern Africa,Republic of Kenya,0.6745842001358289
393,KEN,2012,EJ Index,Africa,Eastern Africa,Republic of Kenya,0.6699750710247274
394,KEN,2017,EJ Index,Africa,Eastern Africa,Republic of Kenya,0.6675493808413404
395,KEN,2022,EJ Index,Africa,Eastern Africa,Republic of Kenya,0.6733379721936789
396,KGZ,2007,EJ Index,Asia,Central Asia,Kyrgyz Republic,0.7562369059633491
397,KGZ,2012,EJ Index,Asia,Central Asia,Kyrgyz Republic,0.7555347445919811
398,KGZ,2017,EJ Index,Asia,Central Asia,Kyrgyz Republic,0.7568490235992618
399,KGZ,2022,EJ Index,Asia,Central Asia,Kyrgyz Republic,0.7545624203391974
400,KHM,2007,EJ Index,Asia,South-eastern Asia,Kingdom of Cambodia,0.6711507359945081
401,KHM,2012,EJ Index,Asia,South-eastern Asia,Kingdom of Cambodia,0.6660074139196188
402,KHM,2017,EJ Index,Asia,South-eastern Asia,Kingdom of Cambodia,0.6641953864230593
403,KHM,2022,EJ Index,Asia,South-eastern Asia,Kingdom of Cambodia,0.6668039009240716
404,KIR,2007,EJ Index,Oceania,Micronesia,Republic of Kiribati,0.6544826063225768
405,KIR,2012,EJ Index,Oceania,Micronesia,Republic of Kiribati,0.6537601651694702
406,KIR,2017,EJ Index,Oceania,Micronesia,Republic of Kiribati,0.6538776988100046
407,KIR,2022,EJ Index,Oceania,Micronesia,Republic of Kiribati,0.6592676022943781
408,KNA,2007,EJ Index,America,Caribbean,Saint Kitts and Nevis,0.7442611987144954
409,KNA,2012,EJ Index,America,Caribbean,Saint Kitts and Nevis,0.7439488368100439
410,KNA,2017,EJ Index,America,Caribbean,Saint Kitts and Nevis,0.7183087682024076
411,KNA,2022,EJ Index,America,Caribbean,Saint Kitts and Nevis,0.7119180686148683
412,KOR,2007,EJ Index,Asia,Eastern Asia,Republic of Korea,0.7222796078722538
413,KOR,2012,EJ Index,Asia,Eastern Asia,Republic of Korea,0.7169191968935381
414,KOR,2017,EJ Index,Asia,Eastern Asia,Republic of Korea,0.7139526083082279
415,KOR,2022,EJ Index,Asia,Eastern Asia,Republic of Korea,0.6928773698525941
416,KWT,2007,EJ Index,Asia,Western Asia,State of Kuwait,0.6114676136943357
417,KWT,2012,EJ Index,Asia,Western Asia,State of Kuwait,0.6145779256321857
418,KWT,2017,EJ Index,Asia,Western Asia,State of Kuwait,0.6344879959420948
419,KWT,2022,EJ Index,Asia,Western Asia,State of Kuwait,0.6055157019074132
420,LAO,2007,EJ Index,Asia,South-eastern Asia,Lao People's Democratic Republic,0.6522293482317343
421,LAO,2012,EJ Index,Asia,South-eastern Asia,Lao People's Democratic Republic,0.6526252617764291
422,LAO,2017,EJ Index,Asia,South-eastern Asia,Lao People's Democratic Republic,0.6472963079493053
423,LAO,2022,EJ Index,Asia,South-eastern Asia,Lao People's Democratic Republic,0.6512016856470757
424,LBN,2007,EJ Index,Asia,Western Asia,Lebanese Republic,0.6820203079218615
425,LBN,2012,EJ Index,Asia,Western Asia,Lebanese Republic,0.6802467238342501
426,LBN,2017,EJ Index,Asia,Western Asia,Lebanese Republic,0.669614886205805
427,LBN,2022,EJ Index,Asia,Western Asia,Lebanese Republic,0.6639451789744419
428,LBR,2007,EJ Index,Africa,Western Africa,Republic of Liberia,0.6752481129841379
429,LBR,2012,EJ Index,Africa,Western Africa,Republic of Liberia,0.6745876429097533
430,LBR,2017,EJ Index,Africa,Western Africa,Republic of Liberia,0.677705900912134
431,LBR,2022,EJ Index,Africa,Western Africa,Republic of Liberia,0.6842572399134761
432,LBY,2007,EJ Index,Africa,Northern Africa,State of Libya,0.6814412473143011
433,LBY,2012,EJ Index,Africa,Northern Africa,State of Libya,0.6826490731381557
434,LBY,2017,EJ Index,Africa,Northern Africa,State of Libya,0.6879471731227652
435,LBY,2022,EJ Index,Africa,Northern Africa,State of Libya,0.6877226268980761
436,LCA,2007,EJ Index,America,Caribbean,Saint Lucia,0.7703525015501875
437,LCA,2012,EJ Index,America,Caribbean,Saint Lucia,0.766260574591528
438,LCA,2017,EJ Index,America,Caribbean,Saint Lucia,0.736721272300813
439,LCA,2022,EJ Index,America,Caribbean,Saint Lucia,0.7320155700966893
440,LIE,2007,EJ Index,Europe,Western Europe,Principality of Liechtenstein,0.8074244534959931
441,LIE,2012,EJ Index,Europe,Western Europe,Principality of Liechtenstein,0.8100568992183852
442,LIE,2017,EJ Index,Europe,Western Europe,Principality of Liechtenstein,0.8114097568256546
443,LIE,2022,EJ Index,Europe,Western Europe,Principality of Liechtenstein,0.7895138150815029
444,LKA,2007,EJ Index,Asia,Southern Asia,Democratic Socialist Republic of Sri Lanka,0.6692053095376835
445,LKA,2012,EJ Index,Asia,Southern Asia,Democratic Socialist Republic of Sri Lanka,0.6778867092923494
446,LKA,2017,EJ Index,Asia,Southern Asia,Democratic Socialist Republic of Sri Lanka,0.6815681790646388
447,LKA,2022,EJ Index,Asia,Southern Asia,Democratic Socialist Republic of Sri Lanka,0.6842194694353503
448,LSO,2007,EJ Index,Africa,Southern Africa,Kingdom of Lesotho,0.6599389066364003
449,LSO,2012,EJ Index,Africa,Southern Africa,Kingdom of Lesotho,0.6611847204495469
450,LSO,2017,EJ Index,Africa,Southern Africa,Kingdom of Lesotho,0.6610950500400312
451,LSO,2022,EJ Index,Africa,Southern Africa,Kingdom of Lesotho,0.6675935207529957
452,LTU,2007,EJ Index,Europe,Northern Europe,Republic of Lithuania,0.8835689087797786
453,LTU,2012,EJ Index,Europe,Northern Europe,Republic of Lithuania,0.882483925954672
454,LTU,2017,EJ Index,Europe,Northern Europe,Republic of Lithuania,0.8853897892625671
455,LTU,2022,EJ Index,Europe,Northern Europe,Republic of Lithuania,0.8946580811706017
456,LUX,2007,EJ Index,Europe,Western Europe,Grand Duchy of Luxembourg,0.7894241594502758
457,LUX,2012,EJ Index,Europe,Western Europe,Grand Duchy of Luxembourg,0.8002105776523736
458,LUX,2017,EJ Index,Europe,Western Europe,Grand Duchy of Luxembourg,0.8073448134739831
459,LUX,2022,EJ Index,Europe,Western Europe,Grand Duchy of Luxembourg,0.8054895966788641
460,LVA,2007,EJ Index,Europe,Northern Europe,Republic of Latvia,0.8810068349991549
461,LVA,2012,EJ Index,Europe,Northern Europe,Republic of Latvia,0.8814027706340408
462,LVA,2017,EJ Index,Europe,Northern Europe,Republic of Latvia,0.8791390222104096
463,LVA,2022,EJ Index,Europe,Northern Europe,Republic of Latvia,0.8704512954815706
464,MAC,2007,EJ Index,Asia,Eastern Asia,Macau SAR,0.7337524961422184
465,MAC,2012,EJ Index,Asia,Eastern Asia,Macau SAR,0.7323063828795993
466,MAC,2017,EJ Index,Asia,Eastern Asia,Macau SAR,0.725953133384809
467,MAC,2022,EJ Index,Asia,Eastern Asia,Macau SAR,0.7260413612356871
468,MAF,2007,EJ Index,America,Caribbean,Saint-Martin (French part),0.7489655612129404
469,MAF,2012,EJ Index,America,Caribbean,Saint-Martin (French part),0.7478623523213954
470,MAF,2017,EJ Index,America,Caribbean,Saint-Martin (French part),0.7238288990894246
471,MAF,2022,EJ Index,America,Caribbean,Saint-Martin (French part),0.7185027716437808
472,MAR,2007,EJ Index,Africa,Northern Africa,Kingdom of Morocco,0.703606054370395
473,MAR,2012,EJ Index,Africa,Northern Africa,Kingdom of Morocco,0.7079519192550995
474,MAR,2017,EJ Index,Africa,Northern Africa,Kingdom of Morocco,0.7091179126016304
475,MAR,2022,EJ Index,Africa,Northern Africa,Kingdom of Morocco,0.7126085865420398
476,MCO,2007,EJ Index,Europe,Western Europe,Principality of Monaco,0.7401161799805676
477,MCO,2012,EJ Index,Europe,Western Europe,Principality of Monaco,0.7434574590595718
478,MCO,2017,EJ Index,Europe,Western Europe,Principality of Monaco,0.7431725438839142
479,MCO,2022,EJ Index,Europe,Western Europe,Principality of Monaco,0.7342781415451778
480,MDA,2007,EJ Index,Europe,Eastern Europe,Republic of Moldova,0.7652984194731351
481,MDA,2012,EJ Index,Europe,Eastern Europe,Republic of Moldova,0.7676499272840063
482,MDA,2017,EJ Index,Europe,Eastern Europe,Republic of Moldova,0.7980477598825981
483,MDA,2022,EJ Index,Europe,Eastern Europe,Republic of Moldova,0.8109489840582742
484,MDG,2007,EJ Index,Africa,Eastern Africa,Republic of Madagascar,0.6408784585542255
485,MDG,2012,EJ Index,Africa,Eastern Africa,Republic of Madagascar,0.6425998757275946
486,MDG,2017,EJ Index,Africa,Eastern Africa,Republic of Madagascar,0.6441824308353197
487,MDG,2022,EJ Index,Africa,Eastern Africa,Republic of Madagascar,0.640205487216208
488,MDV,2007,EJ Index,Asia,Southern Asia,Republic of Maldives,0.7227252526401164
489,MDV,2012,EJ Index,Asia,Southern Asia,Republic of Maldives,0.7204703174883647
490,MDV,2017,EJ Index,Asia,Southern Asia,Republic of Maldives,0.7134542427222824
491,MDV,2022,EJ Index,Asia,Southern Asia,Republic of Maldives,0.7025352083415805
492,MEX,2007,EJ Index,America,Central America,United Mexican States,0.6409025568735198
493,MEX,2012,EJ Index,America,Central America,United Mexican States,0.6464536100942967
494,MEX,2017,EJ Index,America,Central America,United Mexican States,0.6337323131938208
495,MEX,2022,EJ Index,America,Central America,United Mexican States,0.6274630170287159
496,MHL,2007,EJ Index,Oceania,Micronesia,Republic of the Marshall Islands,0.6837624215746584
497,MHL,2012,EJ Index,Oceania,Micronesia,Republic of the Marshall Islands,0.6820991976417445
498,MHL,2017,EJ Index,Oceania,Micronesia,Republic of the Marshall Islands,0.6841472444659237
499,MHL,2022,EJ Index,Oceania,Micronesia,Republic of the Marshall Islands,0.6846756397074234
500,MKD,2007,EJ Index,Europe,Southern Europe,Republic of North Macedonia,0.765571567882591
501,MKD,2012,EJ Index,Europe,Southern Europe,Republic of North Macedonia,0.7666150120637649
502,MKD,2017,EJ Index,Europe,Southern Europe,Republic of North Macedonia,0.73201500366021
503,MKD,2022,EJ Index,Europe,Southern Europe,Republic of North Macedonia,0.7640769878820008
504,MLI,2007,EJ Index,Africa,Western Africa,Republic of Mali,0.6260928460887456
505,MLI,2012,EJ Index,Africa,Western Africa,Republic of Mali,0.6268558040156804
506,MLI,2017,EJ Index,Africa,Western Africa,Republic of Mali,0.6334594569817984
507,MLI,2022,EJ Index,Africa,Western Africa,Republic of Mali,0.6597535392703664
508,MLT,2007,EJ Index,Europe,Southern Europe,Republic of Malta,0.7924838829934588
509,MLT,2012,EJ Index,Europe,Southern Europe,Republic of Malta,0.7932847641114309
510,MLT,2017,EJ Index,Europe,Southern Europe,Republic of Malta,0.807111271889671
511,MLT,2022,EJ Index,Europe,Southern Europe,Republic of Malta,0.7895325528893471
512,MMR,2007,EJ Index,Asia,South-eastern Asia,Republic of the Union of Myanmar,0.6591849038108546
513,MMR,2012,EJ Index,Asia,South-eastern Asia,Republic of the Union of Myanmar,0.6628857150125989
514,MMR,2017,EJ Index,Asia,South-eastern Asia,Republic of the Union of Myanmar,0.6615006271178634
515,MMR,2022,EJ Index,Asia,South-eastern Asia,Republic of the Union of Myanmar,0.6716822192076269
516,MNE,2007,EJ Index,Europe,Southern Europe,Montenegro,0.8018773158436394
517,MNE,2012,EJ Index,Europe,Southern Europe,Montenegro,0.8070383133454024
518,MNE,2017,EJ Index,Europe,Southern Europe,Montenegro,0.8034854234408975
519,MNE,2022,EJ Index,Europe,Southern Europe,Montenegro,0.8018460041287977
520,MNG,2007,EJ Index,Asia,Eastern Asia,Mongolia,0.7015652405197641
521,MNG,2012,EJ Index,Asia,Eastern Asia,Mongolia,0.6857254499677389
522,MNG,2017,EJ Index,Asia,Eastern Asia,Mongolia,0.6743418762176109
523,MNG,2022,EJ Index,Asia,Eastern Asia,Mongolia,0.6815791174485943
524,MNP,2007,EJ Index,Oceania,Micronesia,Northern Mariana Islands,0.6219402422210444
525,MNP,2012,EJ Index,Oceania,Micronesia,Northern Mariana Islands,0.6185028247397435
526,MNP,2017,EJ Index,Oceania,Micronesia,Northern Mariana Islands,0.6223250651123098
527,MNP,2022,EJ Index,Oceania,Micronesia,Northern Mariana Islands,0.6228534603538095
528,MOZ,2007,EJ Index,Africa,Eastern Africa,Republic of Mozambique,0.6480716695136902
529,MOZ,2012,EJ Index,Africa,Eastern Africa,Republic of Mozambique,0.6492643732777045
530,MOZ,2017,EJ Index,Africa,Eastern Africa,Republic of Mozambique,0.6495606838151946
531,MOZ,2022,EJ Index,Africa,Eastern Africa,Republic of Mozambique,0.6573833320423581
532,MRT,2007,EJ Index,Africa,Western Africa,Islamic Republic of Mauritania,0.6676824418449812
533,MRT,2012,EJ Index,Africa,Western Africa,Islamic Republic of Mauritania,0.6664628737092009
534,MRT,2017,EJ Index,Africa,Western Africa,Islamic Republic of Mauritania,0.6646560532310172
535,MRT,2022,EJ Index,Africa,Western Africa,Islamic Republic of Mauritania,0.659464486495845
536,MUS,2007,EJ Index,Africa,Eastern Africa,Republic of Mauritius,0.6701014348534782
537,MUS,2012,EJ Index,Africa,Eastern Africa,Republic of Mauritius,0.6665954282102107
538,MUS,2017,EJ Index,Africa,Eastern Africa,Republic of Mauritius,0.6569592695629931
539,MUS,2022,EJ Index,Africa,Eastern Africa,Republic of Mauritius,0.6466160900508535
540,MWI,2007,EJ Index,Africa,Eastern Africa,Republic of Malawi,0.672272052495509
541,MWI,2012,EJ Index,Africa,Eastern Africa,Republic of Malawi,0.6729765011359565
542,MWI,2017,EJ Index,Africa,Eastern Africa,Republic of Malawi,0.6735039022604847
543,MWI,2022,EJ Index,Africa,Eastern Africa,Republic of Malawi,0.6848698296273038
544,MYS,2007,EJ Index,Asia,South-eastern Asia,Malaysia,0.6889999106781044
545,MYS,2012,EJ Index,Asia,South-eastern Asia,Malaysia,0.682731681561177
546,MYS,2017,EJ Index,Asia,South-eastern Asia,Malaysia,0.6799842969437639
547,MYS,2022,EJ Index,Asia,South-eastern Asia,Malaysia,0.653354597053873
548,NAM,2007,EJ Index,Africa,Southern Africa,Republic of Namibia,0.6914583624270376
549,NAM,2012,EJ Index,Africa,Southern Africa,Republic of Namibia,0.6851021902420316
550,NAM,2017,EJ Index,Africa,Southern Africa,Republic of Namibia,0.6915947581137833
551,NAM,2022,EJ Index,Africa,Southern Africa,Republic of Namibia,0.6964042988277147
552,NCL,2007,EJ Index,Oceania,Melanesia,New Caledonia,0.6248605109743935
553,NCL,2012,EJ Index,Oceania,Melanesia,New Caledonia,0.6273761054416718
554,NCL,2017,EJ Index,Oceania,Melanesia,New Caledonia,0.6261585396506355
555,NCL,2022,EJ Index,Oceania,Melanesia,New Caledonia,0.6263945773110169
556,NER,2007,EJ Index,Africa,Western Africa,Republic of Niger,0.6431232895804151
557,NER,2012,EJ Index,Africa,Western Africa,Republic of Niger,0.6392110495749512
558,NER,2017,EJ Index,Africa,Western Africa,Republic of Niger,0.6374094963022061
559,NER,2022,EJ Index,Africa,Western Africa,Republic of Niger,0.6415960047208755
560,NGA,2007,EJ Index,Africa,Western Africa,Federal Republic of Nigeria,0.6540601481487802
561,NGA,2012,EJ Index,Africa,Western Africa,Federal Republic of Nigeria,0.6450987108106386
562,NGA,2017,EJ Index,Africa,Western Africa,Federal Republic of Nigeria,0.640632391239993
563,NGA,2022,EJ Index,Africa,Western Africa,Federal Republic of Nigeria,0.6464860210674284
564,NIC,2007,EJ Index,America,Central America,Republic of Nicaragua,0.6861165835842311
565,NIC,2012,EJ Index,America,Central America,Republic of Nicaragua,0.6863066290192732
566,NIC,2017,EJ Index,America,Central America,Republic of Nicaragua,0.6852123269371371
567,NIC,2022,EJ Index,America,Central America,Republic of Nicaragua,0.688624969791567
568,NLD,2007,EJ Index,Europe,Western Europe,Kingdom of the Netherlands,0.8600530754747083
569,NLD,2012,EJ Index,Europe,Western Europe,Kingdom of the Netherlands,0.8666279586040717
570,NLD,2017,EJ Index,Europe,Western Europe,Kingdom of the Netherlands,0.8656357116498539
571,NLD,2022,EJ Index,Europe,Western Europe,Kingdom of the Netherlands,0.8478412136084859
572,NOR,2007,EJ Index,Europe,Northern Europe,Kingdom of Norway,0.865182655728205
573,NOR,2012,EJ Index,Europe,Northern Europe,Kingdom of Norway,0.870772112536679
574,NOR,2017,EJ Index,Europe,Northern Europe,Kingdom of Norway,0.8757936413774068
575,NOR,2022,EJ Index,Europe,Northern Europe,Kingdom of Norway,0.8663833971914066
576,NPL,2007,EJ Index,Asia,Southern Asia,Federal Democratic Republic of Nepal,0.6910825337279556
577,NPL,2012,EJ Index,Asia,Southern Asia,Federal Democratic Republic of Nepal,0.6923169834075655
578,NPL,2017,EJ Index,Asia,Southern Asia,Federal Democratic Republic of Nepal,0.6904984498113322
579,NPL,2022,EJ Index,Asia,Southern Asia,Federal Democratic Republic of Nepal,0.6921776462054177
580,NRU,2007,EJ Index,Oceania,Polynesia,Republic of Nauru,0.6767231416329296
581,NRU,2012,EJ Index,Oceania,Polynesia,Republic of Nauru,0.6753207756400599
582,NRU,2017,EJ Index,Oceania,Polynesia,Republic of Nauru,0.6710992649826732
583,NRU,2022,EJ Index,Oceania,Polynesia,Republic of Nauru,0.6743304486079033
584,NZL,2007,EJ Index,Oceania,Australia and New Zealand,New Zealand,0.7384668478404586
585,NZL,2012,EJ Index,Oceania,Australia and New Zealand,New Zealand,0.7348259410669493
586,NZL,2017,EJ Index,Oceania,Australia and New Zealand,New Zealand,0.7290843581264628
587,NZL,2022,EJ Index,Oceania,Australia and New Zealand,New Zealand,0.7275088073686792
588,OMN,2007,EJ Index,Asia,Western Asia,Sultanate of Oman,0.6540990176831887
589,OMN,2012,EJ Index,Asia,Western Asia,Sultanate of Oman,0.6567052226627443
590,OMN,2017,EJ Index,Asia,Western Asia,Sultanate of Oman,0.6699565004038319
591,OMN,2022,EJ Index,Asia,Western Asia,Sultanate of Oman,0.6534882224323703
592,PAK,2007,EJ Index,Asia,Southern Asia,Islamic Republic of Pakistan,0.6541245134659242
593,PAK,2012,EJ Index,Asia,Southern Asia,Islamic Republic of Pakistan,0.6500853759357639
594,PAK,2017,EJ Index,Asia,Southern Asia,Islamic Republic of Pakistan,0.6495599108487302
595,PAK,2022,EJ Index,Asia,Southern Asia,Islamic Republic of Pakistan,0.6347369974512416
596,PAN,2007,EJ Index,America,Central America,Republic of Panama,0.6970164057273661
597,PAN,2012,EJ Index,America,Central America,Republic of Panama,0.7177980070021996
598,PAN,2017,EJ Index,America,Central America,Republic of Panama,0.7187869577823378
599,PAN,2022,EJ Index,America,Central America,Republic of Panama,0.7224485747696079
600,PER,2007,EJ Index,America,South America,Republic of Peru,0.6602473482686106
601,PER,2012,EJ Index,America,South America,Republic of Peru,0.6649385022877355
602,PER,2017,EJ Index,America,South America,Republic of Peru,0.6686627093670039
603,PER,2022,EJ Index,America,South America,Republic of Peru,0.6750764286151674
604,PHL,2007,EJ Index,Asia,South-eastern Asia,Republic of the Philippines,0.6367801631672575
605,PHL,2012,EJ Index,Asia,South-eastern Asia,Republic of the Philippines,0.6395039547358472
606,PHL,2017,EJ Index,Asia,South-eastern Asia,Republic of the Philippines,0.6297737540844632
607,PHL,2022,EJ Index,Asia,South-eastern Asia,Republic of the Philippines,0.629937047645357
608,PLW,2007,EJ Index,Oceania,Micronesia,Republic of Palau,0.6582998138886951
609,PLW,2012,EJ Index,Oceania,Micronesia,Republic of Palau,0.6473850957307554
610,PLW,2017,EJ Index,Oceania,Micronesia,Republic of Palau,0.6480510384065977
611,PLW,2022,EJ Index,Oceania,Micronesia,Republic of Palau,0.6432404911132938
612,PNG,2007,EJ Index,Oceania,Melanesia,Independent State of Papua New Guinea,0.6471277190464908
613,PNG,2012,EJ Index,Oceania,Melanesia,Independent State of Papua New Guinea,0.6562778023639362
614,PNG,2017,EJ Index,Oceania,Melanesia,Independent State of Papua New Guinea,0.6545353422826203
615,PNG,2022,EJ Index,Oceania,Melanesia,Independent State of Papua New Guinea,0.6524936948035274
616,POL,2007,EJ Index,Europe,Eastern Europe,Republic of Poland,0.8868201135753924
617,POL,2012,EJ Index,Europe,Eastern Europe,Republic of Poland,0.8919280168003603
618,POL,2017,EJ Index,Europe,Eastern Europe,Republic of Poland,0.8987432054605342
619,POL,2022,EJ Index,Europe,Eastern Europe,Republic of Poland,0.8919314971238521
620,PRI,2007,EJ Index,America,Caribbean,Puerto Rico,0.7113632593377499
621,PRI,2012,EJ Index,America,Caribbean,Puerto Rico,0.7114325323972592
622,PRI,2017,EJ Index,America,Caribbean,Puerto Rico,0.664916636803662
623,PRI,2022,EJ Index,America,Caribbean,Puerto Rico,0.657494395335992
624,PRK,2007,EJ Index,Asia,Eastern Asia,Democratic People's Republic of Korea,0.7152799150389859
625,PRK,2012,EJ Index,Asia,Eastern Asia,Democratic People's Republic of Korea,0.7162684470831384
626,PRK,2017,EJ Index,Asia,Eastern Asia,Democratic People's Republic of Korea,0.7094028679329802
627,PRK,2022,EJ Index,Asia,Eastern Asia,Democratic People's Republic of Korea,0.7085912814533287
628,PRT,2007,EJ Index,Europe,Southern Europe,Portuguese Republic,0.8084883870025092
629,PRT,2012,EJ Index,Europe,Southern Europe,Portuguese Republic,0.8219683823971884
630,PRT,2017,EJ Index,Europe,Southern Europe,Portuguese Republic,0.8056412448106389
631,PRT,2022,EJ Index,Europe,Southern Europe,Portuguese Republic,0.7980249121603955
632,PRY,2007,EJ Index,America,South America,Republic of Paraguay,0.7079019546435832
633,PRY,2012,EJ Index,America,South America,Republic of Paraguay,0.7059693843391295
634,PRY,2017,EJ Index,America,South America,Republic of Paraguay,0.7126868425926629
635,PRY,2022,EJ Index,America,South America,Republic of Paraguay,0.7209388503858231
636,PSE,2007,EJ Index,Asia,Western Asia,State of Palestine,0.6632222861727086
637,PSE,2012,EJ Index,Asia,Western Asia,State of Palestine,0.6663506513508224
638,PSE,2017,EJ Index,Asia,Western Asia,State of Palestine,0.6741314092471901
639,PSE,2022,EJ Index,Asia,Western Asia,State of Palestine,0.6513496427936456
640,PYF,2007,EJ Index,Oceania,Polynesia,French Polynesia,0.6779603563539824
641,PYF,2012,EJ Index,Oceania,Polynesia,French Polynesia,0.6754789447078355
642,PYF,2017,EJ Index,Oceania,Polynesia,French Polynesia,0.6731906845843069
643,PYF,2022,EJ Index,Oceania,Polynesia,French Polynesia,0.67820171333308
644,QAT,2007,EJ Index,Asia,Western Asia,State of Qatar,0.544600432917366
645,QAT,2012,EJ Index,Asia,Western Asia,State of Qatar,0.5335927753882956
646,QAT,2017,EJ Index,Asia,Western Asia,State of Qatar,0.5693733331240686
647,QAT,2022,EJ Index,Asia,Western Asia,State of Qatar,0.5066854143329589
648,ROU,2007,EJ Index,Europe,Eastern Europe,Romania,0.8181878020746154
649,ROU,2012,EJ Index,Europe,Eastern Europe,Romania,0.8235330910448702
650,ROU,2017,EJ Index,Europe,Eastern Europe,Romania,0.8260966715345345
651,ROU,2022,EJ Index,Europe,Eastern Europe,Romania,0.8162682852897922
652,RUS,2007,EJ Index,Europe,Eastern Europe,Russian Federation,0.8250799799545022
653,RUS,2012,EJ Index,Europe,Eastern Europe,Russian Federation,0.8220433675127542
654,RUS,2017,EJ Index,Europe,Eastern Europe,Russian Federation,0.8261150651577627
655,RUS,2022,EJ Index,Europe,Eastern Europe,Russian Federation,0.8067708022540081
656,RWA,2007,EJ Index,Africa,Eastern Africa,Republic of Rwanda,0.7183844997685203
657,RWA,2012,EJ Index,Africa,Eastern Africa,Republic of Rwanda,0.7188058661931301
658,RWA,2017,EJ Index,Africa,Eastern Africa,Republic of Rwanda,0.7200452133202055
659,RWA,2022,EJ Index,Africa,Eastern Africa,Republic of Rwanda,0.7229024106120614
660,SAU,2007,EJ Index,Asia,Western Asia,Kingdom of Saudi Arabia,0.6308940833681825
661,SAU,2012,EJ Index,Asia,Western Asia,Kingdom of Saudi Arabia,0.6237899732834788
662,SAU,2017,EJ Index,Asia,Western Asia,Kingdom of Saudi Arabia,0.6347064860064919
663,SAU,2022,EJ Index,Asia,Western Asia,Kingdom of Saudi Arabia,0.5968810866355174
664,SDN,2007,EJ Index,Africa,Northern Africa,Republic of the Sudan,0.6687991572933982
665,SDN,2012,EJ Index,Africa,Northern Africa,Republic of the Sudan,0.6694419453186047
666,SDN,2017,EJ Index,Africa,Northern Africa,Republic of the Sudan,0.642415046097927
667,SDN,2022,EJ Index,Africa,Northern Africa,Republic of the Sudan,0.6158647755679979
668,SEN,2007,EJ Index,Africa,Western Africa,Republic of Senegal,0.7080990649341775
669,SEN,2012,EJ Index,Africa,Western Africa,Republic of Senegal,0.7128579727589517
670,SEN,2017,EJ Index,Africa,Western Africa,Republic of Senegal,0.7180704989374296
671,SEN,2022,EJ Index,Africa,Western Africa,Republic of Senegal,0.7182358385107515
672,SGP,2007,EJ Index,Asia,South-eastern Asia,Republic of Singapore,0.7316628167564463
673,SGP,2012,EJ Index,Asia,South-eastern Asia,Republic of Singapore,0.7243561307891045
674,SGP,2017,EJ Index,Asia,South-eastern Asia,Republic of Singapore,0.7229518538311666
675,SGP,2022,EJ Index,Asia,South-eastern Asia,Republic of Singapore,0.7105535205128108
676,SLB,2007,EJ Index,Oceania,Melanesia,Solomon Islands,0.62079925413786
677,SLB,2012,EJ Index,Oceania,Melanesia,Solomon Islands,0.6197385493417307
678,SLB,2017,EJ Index,Oceania,Melanesia,Solomon Islands,0.650988574264172
679,SLB,2022,EJ Index,Oceania,Melanesia,Solomon Islands,0.6534885820702961
680,SLE,2007,EJ Index,Africa,Western Africa,Republic of Sierra Leone,0.6375707746039896
681,SLE,2012,EJ Index,Africa,Western Africa,Republic of Sierra Leone,0.63904610631616
682,SLE,2017,EJ Index,Africa,Western Africa,Republic of Sierra Leone,0.6424464953319868
683,SLE,2022,EJ Index,Africa,Western Africa,Republic of Sierra Leone,0.6523619136225829
684,SLV,2007,EJ Index,America,Central America,Republic of El Salvador,0.6869045859543603
685,SLV,2012,EJ Index,America,Central America,Republic of El Salvador,0.6872947130568141
686,SLV,2017,EJ Index,America,Central America,Republic of El Salvador,0.674901686823683
687,SLV,2022,EJ Index,America,Central America,Republic of El Salvador,0.682880479744767
688,SMR,2007,EJ Index,Europe,Southern Europe,Republic of San Marino,0.7289649789907513
689,SMR,2012,EJ Index,Europe,Southern Europe,Republic of San Marino,0.7329782427077909
690,SMR,2017,EJ Index,Europe,Southern Europe,Republic of San Marino,0.7273196472980653
691,SMR,2022,EJ Index,Europe,Southern Europe,Republic of San Marino,0.731086220445446
692,SOM,2007,EJ Index,Africa,Eastern Africa,Federal Republic of Somalia,0.6432747484815575
693,SOM,2012,EJ Index,Africa,Eastern Africa,Federal Republic of Somalia,0.642380401459277
694,SOM,2017,EJ Index,Africa,Eastern Africa,Federal Republic of Somalia,0.6429885554743251
695,SOM,2022,EJ Index,Africa,Eastern Africa,Federal Republic of Somalia,0.6458958314770993
696,SRB,2007,EJ Index,Europe,Southern Europe,Republic of Serbia,0.8235800648469145
697,SRB,2012,EJ Index,Europe,Southern Europe,Republic of Serbia,0.8240440846346846
698,SRB,2017,EJ Index,Europe,Southern Europe,Republic of Serbia,0.8161462028618547
699,SRB,2022,EJ Index,Europe,Southern Europe,Republic of Serbia,0.7855093957099273
700,SSD,2007,EJ Index,Africa,Eastern Africa,Republic of South Sudan,0.6720588530107576
701,SSD,2012,EJ Index,Africa,Eastern Africa,Republic of South Sudan,0.6747693403270724
702,SSD,2017,EJ Index,Africa,Eastern Africa,Republic of South Sudan,0.6775357267789275
703,SSD,2022,EJ Index,Africa,Eastern Africa,Republic of South Sudan,0.6760979434235461
704,STP,2007,EJ Index,Africa,Middle Africa,Democratic Republic of São Tomé and Príncipe,0.6666170410366065
705,STP,2012,EJ Index,Africa,Middle Africa,Democratic Republic of São Tomé and Príncipe,0.6856506794073474
706,STP,2017,EJ Index,Africa,Middle Africa,Democratic Republic of São Tomé and Príncipe,0.6855724249959043
707,STP,2022,EJ Index,Africa,Middle Africa,Democratic Republic of São Tomé and Príncipe,0.6576862689069665
708,SUR,2007,EJ Index,America,South America,Republic of Suriname,0.7146369993134681
709,SUR,2012,EJ Index,America,South America,Republic of Suriname,0.7077681116760273
710,SUR,2017,EJ Index,America,South America,Republic of Suriname,0.6889818938388287
711,SUR,2022,EJ Index,America,South America,Republic of Suriname,0.6756842372732004
712,SVK,2007,EJ Index,Europe,Eastern Europe,Slovak Republic,0.8642623866685878
713,SVK,2012,EJ Index,Europe,Eastern Europe,Slovak Republic,0.8712993273674778
714,SVK,2017,EJ Index,Europe,Eastern Europe,Slovak Republic,0.8720141816270679
715,SVK,2022,EJ Index,Europe,Eastern Europe,Slovak Republic,0.8470580300191466
716,SVN,2007,EJ Index,Europe,Southern Europe,Republic of Slovenia,0.889791807817355
717,SVN,2012,EJ Index,Europe,Southern Europe,Republic of Slovenia,0.896050521011881
718,SVN,2017,EJ Index,Europe,Southern Europe,Republic of Slovenia,0.8987617585474341
719,SVN,2022,EJ Index,Europe,Southern Europe,Republic of Slovenia,0.894744630140583
720,SWE,2007,EJ Index,Europe,Northern Europe,Kingdom of Sweden,0.8766646499316557
721,SWE,2012,EJ Index,Europe,Northern Europe,Kingdom of Sweden,0.8752157056179009
722,SWE,2017,EJ Index,Europe,Northern Europe,Kingdom of Sweden,0.8871715675770024
723,SWE,2022,EJ Index,Europe,Northern Europe,Kingdom of Sweden,0.8944039995247763
724,SWZ,2007,EJ Index,Africa,Southern Africa,Kingdom of Eswatini,0.6434032017020039
725,SWZ,2012,EJ Index,Africa,Southern Africa,Kingdom of Eswatini,0.6451341604643073
726,SWZ,2017,EJ Index,Africa,Southern Africa,Kingdom of Eswatini,0.6453393280252699
727,SWZ,2022,EJ Index,Africa,Southern Africa,Kingdom of Eswatini,0.6671637342939707
728,SXM,2007,EJ Index,America,Caribbean,Sint Maarten (Dutch part),0.7499219338135404
729,SXM,2012,EJ Index,America,Caribbean,Sint Maarten (Dutch part),0.7505929184703826
730,SXM,2017,EJ Index,America,Caribbean,Sint Maarten (Dutch part),0.7265594652384118
731,SXM,2022,EJ Index,America,Caribbean,Sint Maarten (Dutch part),0.7230075313411549
732,SYC,2007,EJ Index,Africa,Eastern Africa,Republic of Seychelles,0.7002341895521256
733,SYC,2012,EJ Index,Africa,Eastern Africa,Republic of Seychelles,0.699146700942757
734,SYC,2017,EJ Index,Africa,Eastern Africa,Republic of Seychelles,0.6799577154680057
735,SYC,2022,EJ Index,Africa,Eastern Africa,Republic of Seychelles,0.6844628098178346
736,SYR,2007,EJ Index,Asia,Western Asia,Syrian Arab Republic,0.6741057571715747
737,SYR,2012,EJ Index,Asia,Western Asia,Syrian Arab Republic,0.6777088770839877
738,SYR,2017,EJ Index,Asia,Western Asia,Syrian Arab Republic,0.6820531897961204
739,SYR,2022,EJ Index,Asia,Western Asia,Syrian Arab Republic,0.6546600286508935
740,TCA,2007,EJ Index,America,Caribbean,Turks and Caicos Islands,0.740835344955511
741,TCA,2012,EJ Index,America,Caribbean,Turks and Caicos Islands,0.7444404755417607
742,TCA,2017,EJ Index,America,Caribbean,Turks and Caicos Islands,0.7177568444070531
743,TCA,2022,EJ Index,America,Caribbean,Turks and Caicos Islands,0.7129947042114326
744,TCD,2007,EJ Index,Africa,Middle Africa,Republic of Chad,0.6440573627191941
745,TCD,2012,EJ Index,Africa,Middle Africa,Republic of Chad,0.6411857904548789
746,TCD,2017,EJ Index,Africa,Middle Africa,Republic of Chad,0.636926600528135
747,TCD,2022,EJ Index,Africa,Middle Africa,Republic of Chad,0.641411095936014
748,TGO,2007,EJ Index,Africa,Western Africa,Togolese Republic,0.6559347468555736
749,TGO,2012,EJ Index,Africa,Western Africa,Togolese Republic,0.6557164557578856
750,TGO,2017,EJ Index,Africa,Western Africa,Togolese Republic,0.6587690451228652
751,TGO,2022,EJ Index,Africa,Western Africa,Togolese Republic,0.6668144489254528
752,THA,2007,EJ Index,Asia,South-eastern Asia,Kingdom of Thailand,0.7159084969526481
753,THA,2012,EJ Index,Asia,South-eastern Asia,Kingdom of Thailand,0.703622798887457
754,THA,2017,EJ Index,Asia,South-eastern Asia,Kingdom of Thailand,0.7127274244902274
755,THA,2022,EJ Index,Asia,South-eastern Asia,Kingdom of Thailand,0.6859583978089583
756,TJK,2007,EJ Index,Asia,Central Asia,Republic of Tajikistan,0.7199888375095628
757,TJK,2012,EJ Index,Asia,Central Asia,Republic of Tajikistan,0.7257426590734745
758,TJK,2017,EJ Index,Asia,Central Asia,Republic of Tajikistan,0.6956213868240296
759,TJK,2022,EJ Index,Asia,Central Asia,Republic of Tajikistan,0.7301578156831969
760,TKM,2007,EJ Index,Asia,Central Asia,Turkmenistan,0.7128482242774244
761,TKM,2012,EJ Index,Asia,Central Asia,Turkmenistan,0.7160587251799726
762,TKM,2017,EJ Index,Asia,Central Asia,Turkmenistan,0.7311341903703741
763,TKM,2022,EJ Index,Asia,Central Asia,Turkmenistan,0.7132950639661333
764,TLS,2007,EJ Index,Asia,South-eastern Asia,Democratic Republic of Timor-Leste,0.6834283039570942
765,TLS,2012,EJ Index,Asia,South-eastern Asia,Democratic Republic of Timor-Leste,0.683707216277085
766,TLS,2017,EJ Index,Asia,South-eastern Asia,Democratic Republic of Timor-Leste,0.6821216659730494
767,TLS,2022,EJ Index,Asia,South-eastern Asia,Democratic Republic of Timor-Leste,0.6718968744454565
768,TON,2007,EJ Index,Oceania,Polynesia,Kingdom of Tonga,0.7095912700828386
769,TON,2012,EJ Index,Oceania,Polynesia,Kingdom of Tonga,0.7075627527863424
770,TON,2017,EJ Index,Oceania,Polynesia,Kingdom of Tonga,0.7053393951861608
771,TON,2022,EJ Index,Oceania,Polynesia,Kingdom of Tonga,0.7112366350156512
772,TTO,2007,EJ Index,America,Caribbean,Republic of Trinidad and Tobago,0.6481607045295354
773,TTO,2012,EJ Index,America,Caribbean,Republic of Trinidad and Tobago,0.6504070452287237
774,TTO,2017,EJ Index,America,Caribbean,Republic of Trinidad and Tobago,0.6574011799359821
775,TTO,2022,EJ Index,America,Caribbean,Republic of Trinidad and Tobago,0.6576538611702225
776,TUN,2007,EJ Index,Africa,Northern Africa,Republic of Tunisia,0.7414962937323153
777,TUN,2012,EJ Index,Africa,Northern Africa,Republic of Tunisia,0.7403176146210677
778,TUN,2017,EJ Index,Africa,Northern Africa,Republic of Tunisia,0.7424263589654089
779,TUN,2022,EJ Index,Africa,Northern Africa,Republic of Tunisia,0.701720089445411
780,TUR,2007,EJ Index,Asia,Western Asia,Republic of Türkiye,0.7849592801402014
781,TUR,2012,EJ Index,Asia,Western Asia,Republic of Türkiye,0.7895676744021416
782,TUR,2017,EJ Index,Asia,Western Asia,Republic of Türkiye,0.7880483063087014
783,TUR,2022,EJ Index,Asia,Western Asia,Republic of Türkiye,0.7853623966319017
784,TUV,2007,EJ Index,Oceania,Polynesia,Tuvalu,0.7027711119598924
785,TUV,2012,EJ Index,Oceania,Polynesia,Tuvalu,0.7005383479962981
786,TUV,2017,EJ Index,Oceania,Polynesia,Tuvalu,0.6961815198214423
787,TUV,2022,EJ Index,Oceania,Polynesia,Tuvalu,0.7003568543117629
788,TZA,2007,EJ Index,Africa,Eastern Africa,United Republic of Tanzania,0.6493869819993197
789,TZA,2012,EJ Index,Africa,Eastern Africa,United Republic of Tanzania,0.6480984946340353
790,TZA,2017,EJ Index,Africa,Eastern Africa,United Republic of Tanzania,0.6503199513134078
791,TZA,2022,EJ Index,Africa,Eastern Africa,United Republic of Tanzania,0.650893829589922
792,UGA,2007,EJ Index,Africa,Eastern Africa,Republic of Uganda,0.6616151455352236
793,UGA,2012,EJ Index,Africa,Eastern Africa,Republic of Uganda,0.6629350424686323
794,UGA,2017,EJ Index,Africa,Eastern Africa,Republic of Uganda,0.6620833795739127
795,UGA,2022,EJ Index,Africa,Eastern Africa,Republic of Uganda,0.6678546069347318
796,UKR,2007,EJ Index,Europe,Eastern Europe,Ukraine,0.7464751018267601
797,UKR,2012,EJ Index,Europe,Eastern Europe,Ukraine,0.7498353621042579
798,UKR,2017,EJ Index,Europe,Eastern Europe,Ukraine,0.7549004336170282
799,UKR,2022,EJ Index,Europe,Eastern Europe,Ukraine,0.7113119991735617
800,URY,2007,EJ Index,America,South America,Oriental Republic of Uruguay,0.7235003253880908
801,URY,2012,EJ Index,America,South America,Oriental Republic of Uruguay,0.7216060970359368
802,URY,2017,EJ Index,America,South America,Oriental Republic of Uruguay,0.7287786708938
803,URY,2022,EJ Index,America,South America,Oriental Republic of Uruguay,0.728508259931374
804,USA,2007,EJ Index,America,Northern America,United States of America,0.6879220659295702
805,USA,2012,EJ Index,America,Northern America,United States of America,0.7217481995595307
806,USA,2017,EJ Index,America,Northern America,United States of America,0.708971148511139
807,USA,2022,EJ Index,America,Northern America,United States of America,0.6785608907167305
808,UZB,2007,EJ Index,Asia,Central Asia,Republic of Uzbekistan,0.772197303948498
809,UZB,2012,EJ Index,Asia,Central Asia,Republic of Uzbekistan,0.7810690686475635
810,UZB,2017,EJ Index,Asia,Central Asia,Republic of Uzbekistan,0.7761118052037153
811,UZB,2022,EJ Index,Asia,Central Asia,Republic of Uzbekistan,0.7653513595496522
812,VCT,2007,EJ Index,America,Caribbean,Saint Vincent and the Grenadines,0.7545222212049478
813,VCT,2012,EJ Index,America,Caribbean,Saint Vincent and the Grenadines,0.7547966374134027
814,VCT,2017,EJ Index,America,Caribbean,Saint Vincent and the Grenadines,0.7271403916243341
815,VCT,2022,EJ Index,America,Caribbean,Saint Vincent and the Grenadines,0.7225249317508169
816,VEN,2007,EJ Index,America,South America,Bolivarian Republic of Venezuela,0.6048386515671849
817,VEN,2012,EJ Index,America,South America,Bolivarian Republic of Venezuela,0.6033443008016453
818,VEN,2017,EJ Index,America,South America,Bolivarian Republic of Venezuela,0.6347311696176521
819,VEN,2022,EJ Index,America,South America,Bolivarian Republic of Venezuela,0.6476198735928889
820,VGB,2007,EJ Index,America,Caribbean,British Virgin Islands,0.7266834145325746
821,VGB,2012,EJ Index,America,Caribbean,British Virgin Islands,0.7275977184615423
822,VGB,2017,EJ Index,America,Caribbean,British Virgin Islands,0.7035184318962382
823,VGB,2022,EJ Index,America,Caribbean,British Virgin Islands,0.6981923044505944
824,VIR,2007,EJ Index,America,Caribbean,Virgin Islands of the United States,0.7395648779434507
825,VIR,2012,EJ Index,America,Caribbean,Virgin Islands of the United States,0.7422533754208056
826,VIR,2017,EJ Index,America,Caribbean,Virgin Islands of the United States,0.7181740888555015
827,VIR,2022,EJ Index,America,Caribbean,Virgin Islands of the United States,0.7146221549582448
828,VNM,2007,EJ Index,Asia,South-eastern Asia,Socialist Republic of Vietnam,0.676982377407045
829,VNM,2012,EJ Index,Asia,South-eastern Asia,Socialist Republic of Vietnam,0.6795272651706048
830,VNM,2017,EJ Index,Asia,South-eastern Asia,Socialist Republic of Vietnam,0.6605363571785376
831,VNM,2022,EJ Index,Asia,South-eastern Asia,Socialist Republic of Vietnam,0.6770379392845177
832,VUT,2007,EJ Index,Oceania,Melanesia,Republic of Vanuatu,0.6171498399370021
833,VUT,2012,EJ Index,Oceania,Melanesia,Republic of Vanuatu,0.6198366528019748
834,VUT,2017,EJ Index,Oceania,Melanesia,Republic of Vanuatu,0.6171067752210577
835,VUT,2022,EJ Index,Oceania,Melanesia,Republic of Vanuatu,0.61978792972822
836,WSM,2007,EJ Index,Oceania,Polynesia,Independent State of Samoa,0.6768418948694768
837,WSM,2012,EJ Index,Oceania,Polynesia,Independent State of Samoa,0.6758965019894622
838,WSM,2017,EJ Index,Oceania,Polynesia,Independent State of Samoa,0.6706889643793845
839,WSM,2022,EJ Index,Oceania,Polynesia,Independent State of Samoa,0.6756551278810492
840,XKX,2007,EJ Index,Europe,Southern Europe,Republic of Kosovo,0.730632505900193
841,XKX,2012,EJ Index,Europe,Southern Europe,Republic of Kosovo,0.7341542460190724
842,XKX,2017,EJ Index,Europe,Southern Europe,Republic of Kosovo,0.7276452263894078
843,XKX,2022,EJ Index,Europe,Southern Europe,Republic of Kosovo,0.7293110282790992
844,YEM,2007,EJ Index,Asia,Western Asia,Republic of Yemen,0.6480450520442229
845,YEM,2012,EJ Index,Asia,Western Asia,Republic of Yemen,0.6485687194610427
846,YEM,2017,EJ Index,Asia,Western Asia,Republic of Yemen,0.6473193589785665
847,YEM,2022,EJ Index,Asia,Western Asia,Republic of Yemen,0.6431531826010168
848,ZAF,2007,EJ Index,Africa,Southern Africa,Republic of South Africa,0.6669998846325302
849,ZAF,2012,EJ Index,Africa,Southern Africa,Republic of South Africa,0.6654614820663072
850,ZAF,2017,EJ Index,Africa,Southern Africa,Republic of South Africa,0.6608179572772508
851,ZAF,2022,EJ Index,Africa,Southern Africa,Republic of South Africa,0.6674964613702812
852,ZMB,2007,EJ Index,Africa,Eastern Africa,Republic of Zambia,0.7015833467956538
853,ZMB,2012,EJ Index,Africa,Eastern Africa,Republic of Zambia,0.7011772160669099
854,ZMB,2017,EJ Index,Africa,Eastern Africa,Republic of Zambia,0.7094521760812366
855,ZMB,2022,EJ Index,Africa,Eastern Africa,Republic of Zambia,0.7116655694333532
856,ZWE,2007,EJ Index,Africa,Eastern Africa,Republic of Zimbabwe,0.6463043326752892
857,ZWE,2012,EJ Index,Africa,Eastern Africa,Republic of Zimbabwe,0.6469928482161674
858,ZWE,2017,EJ Index,Africa,Eastern Africa,Republic of Zimbabwe,0.6484167680070713
859,ZWE,2022,EJ Index,Africa,Eastern Africa,Republic of Zimbabwe,0.6596153137182776
