Region,Year,Indicator,Value,continent,UNregion,name_official,Normalized
AFG,2007,Fossil Subsidies,1.1157478462467291e-06,Asia,Southern Asia,Islamic Republic of Afghanistan,0.9999999517752384
AFG,2012,Fossil Subsidies,1.1157478462467291e-06,Asia,Southern Asia,Islamic Republic of Afghanistan,0.9999999517752384
AFG,2017,Fossil Subsidies,1.0780049155538827e-06,Asia,Southern Asia,Islamic Republic of Afghanistan,0.9999999534065603
AFG,2022,Fossil Subsidies,2.1758408944024312,Asia,Southern Asia,Islamic Republic of Afghanistan,0.9059559839029906
AGO,2007,Fossil Subsidies,0.3296709008742068,Africa,Middle Africa,Republic of Angola,0.9857509914496555
AGO,2012,Fossil Subsidies,0.3296709008742068,Africa,Middle Africa,Republic of Angola,0.9857509914496555
AGO,2017,Fossil Subsidies,0.1123142364946981,Africa,Middle Africa,Republic of Angola,0.9951455633120952
AGO,2022,Fossil Subsidies,6.072918736075701,Africa,Middle Africa,Republic of Angola,0.7375168061044349
ALB,2007,Fossil Subsidies,0.9633527033156664,Europe,Southern Europe,Republic of Albania,0.9583620487275575
ALB,2012,Fossil Subsidies,0.9633527033156664,Europe,Southern Europe,Republic of Albania,0.9583620487275575
ALB,2017,Fossil Subsidies,0.8203728449524577,Europe,Southern Europe,Republic of Albania,0.9645419124005172
ALB,2022,Fossil Subsidies,0.4940290698523578,Europe,Southern Europe,Republic of Albania,0.9786471161944287
AND,2007,Fossil Subsidies,0.15509844494251734,Europe,Southern Europe,Principality of Andorra,0.9932963477750972
AND,2012,Fossil Subsidies,0.15509844494251734,Europe,Southern Europe,Principality of Andorra,0.9932963477750972
AND,2017,Fossil Subsidies,0.7150244544900723,Europe,Southern Europe,Principality of Andorra,0.9690952718644037
AND,2022,Fossil Subsidies,0.965082836024732,Europe,Southern Europe,Principality of Andorra,0.9582872690739718
ARE,2007,Fossil Subsidies,0.0754039896183956,Asia,Western Asia,United Arab Emirates,0.9967408949653929
ARE,2012,Fossil Subsidies,0.0754039896183956,Asia,Western Asia,United Arab Emirates,0.9967408949653929
ARE,2017,Fossil Subsidies,0.0414389967537259,Asia,Western Asia,United Arab Emirates,0.9982089270921523
ARE,2022,Fossil Subsidies,0.0,Asia,Western Asia,United Arab Emirates,1.0
ARG,2007,Fossil Subsidies,4.182097416475584,America,South America,Argentine Republic,0.819241729592408
ARG,2012,Fossil Subsidies,4.182097416475584,America,South America,Argentine Republic,0.819241729592408
ARG,2017,Fossil Subsidies,0.0944473255727733,America,South America,Argentine Republic,0.9959178054657692
ARG,2022,Fossil Subsidies,1.9552030877349504,America,South America,Argentine Republic,0.9154923730274096
ARM,2007,Fossil Subsidies,0.0,Asia,Western Asia,Republic of Armenia,1.0
ARM,2012,Fossil Subsidies,0.0,Asia,Western Asia,Republic of Armenia,1.0
ARM,2017,Fossil Subsidies,0.0,Asia,Western Asia,Republic of Armenia,1.0
ARM,2022,Fossil Subsidies,0.0820684584557301,Asia,Western Asia,Republic of Armenia,0.9964528438416969
ASM,2007,Fossil Subsidies,0.3035432713626635,Oceania,Polynesia,American Samoa,0.98688027770247
ASM,2012,Fossil Subsidies,0.3035432713626635,Oceania,Polynesia,American Samoa,0.98688027770247
ASM,2017,Fossil Subsidies,0.3008901607680512,Oceania,Polynesia,American Samoa,0.986994950230277
ASM,2022,Fossil Subsidies,0.0,Oceania,Polynesia,American Samoa,1.0
ATG,2007,Fossil Subsidies,0.8218464109694062,America,Caribbean,Antigua and Barbuda,0.9644782220513862
ATG,2012,Fossil Subsidies,0.8218464109694062,America,Caribbean,Antigua and Barbuda,0.9644782220513862
ATG,2017,Fossil Subsidies,0.3136489026861725,America,Caribbean,Antigua and Barbuda,0.9864434929369554
ATG,2022,Fossil Subsidies,1.1617302694650955,America,Caribbean,Antigua and Barbuda,0.9497877898871077
AUS,2007,Fossil Subsidies,0.0170327183964756,Oceania,Australia and New Zealand,Commonwealth of Australia,0.9992638132470187
AUS,2012,Fossil Subsidies,0.0170327183964756,Oceania,Australia and New Zealand,Commonwealth of Australia,0.9992638132470187
AUS,2017,Fossil Subsidies,0.0,Oceania,Australia and New Zealand,Commonwealth of Australia,1.0
AUS,2022,Fossil Subsidies,0.3379134566283236,Oceania,Australia and New Zealand,Commonwealth of Australia,0.9853947323830965
AUT,2007,Fossil Subsidies,0.0,Europe,Western Europe,Republic of Austria,1.0
AUT,2012,Fossil Subsidies,0.0,Europe,Western Europe,Republic of Austria,1.0
AUT,2017,Fossil Subsidies,0.0,Europe,Western Europe,Republic of Austria,1.0
AUT,2022,Fossil Subsidies,0.2844390014384559,Europe,Western Europe,Republic of Austria,0.9877060008851235
AZE,2007,Fossil Subsidies,2.828911465533319,Asia,Western Asia,Republic of Azerbaijan,0.8777290214160188
AZE,2012,Fossil Subsidies,2.828911465533319,Asia,Western Asia,Republic of Azerbaijan,0.8777290214160188
AZE,2017,Fossil Subsidies,3.124170594647173,Asia,Western Asia,Republic of Azerbaijan,0.8649673556330996
AZE,2022,Fossil Subsidies,4.099559615828877,Asia,Western Asia,Republic of Azerbaijan,0.8228091716202695
BDI,2007,Fossil Subsidies,6.367635760988327,Africa,Eastern Africa,Republic of Burundi,0.7247785711046933
BDI,2012,Fossil Subsidies,6.367635760988327,Africa,Eastern Africa,Republic of Burundi,0.7247785711046933
BDI,2017,Fossil Subsidies,3.875481123267884,Africa,Eastern Africa,Republic of Burundi,0.832494273787258
BDI,2022,Fossil Subsidies,1.468409177832107,Africa,Eastern Africa,Republic of Burundi,0.9365325393449941
BEL,2007,Fossil Subsidies,0.0229175687486135,Europe,Western Europe,Kingdom of Belgium,0.9990094587293383
BEL,2012,Fossil Subsidies,0.0229175687486135,Europe,Western Europe,Kingdom of Belgium,0.9990094587293383
BEL,2017,Fossil Subsidies,0.0,Europe,Western Europe,Kingdom of Belgium,1.0
BEL,2022,Fossil Subsidies,0.6709530477406007,Europe,Western Europe,Kingdom of Belgium,0.9710001225804776
BEN,2007,Fossil Subsidies,0.4416244304475514,Africa,Western Africa,Republic of Benin,0.9809121452066244
BEN,2012,Fossil Subsidies,0.4416244304475514,Africa,Western Africa,Republic of Benin,0.9809121452066244
BEN,2017,Fossil Subsidies,0.4170639264273475,Africa,Western Africa,Republic of Benin,0.9819736972904045
BEN,2022,Fossil Subsidies,0.8787286396621757,Africa,Western Africa,Republic of Benin,0.9620196630434282
BFA,2007,Fossil Subsidies,0.640864557095506,Africa,Western Africa,Burkina Faso,0.9723006048472838
BFA,2012,Fossil Subsidies,0.640864557095506,Africa,Western Africa,Burkina Faso,0.9723006048472838
BFA,2017,Fossil Subsidies,0.9298925267279616,Africa,Western Africa,Burkina Faso,0.9598082617267333
BFA,2022,Fossil Subsidies,1.7436234616397783,Africa,Western Africa,Burkina Faso,0.924637250216492
BGD,2007,Fossil Subsidies,2.0214142944138973,Asia,Southern Asia,People's Republic of Bangladesh,0.9126305977005755
BGD,2012,Fossil Subsidies,2.0214142944138973,Asia,Southern Asia,People's Republic of Bangladesh,0.9126305977005755
BGD,2017,Fossil Subsidies,1.4675208096656784,Asia,Southern Asia,People's Republic of Bangladesh,0.9365709363207834
BGD,2022,Fossil Subsidies,3.488053233907326,Asia,Southern Asia,People's Republic of Bangladesh,0.8492396501413786
BGR,2007,Fossil Subsidies,2.32239775188213,Europe,Eastern Europe,Republic of Bulgaria,0.8996215154685543
BGR,2012,Fossil Subsidies,2.32239775188213,Europe,Eastern Europe,Republic of Bulgaria,0.8996215154685543
BGR,2017,Fossil Subsidies,2.241248997516771,Europe,Eastern Europe,Republic of Bulgaria,0.903128920252342
BGR,2022,Fossil Subsidies,1.577400522091725,Europe,Eastern Europe,Republic of Bulgaria,0.9318217244318471
BHR,2007,Fossil Subsidies,8.926683072353306,Asia,Western Asia,Kingdom of Bahrain,0.6141716387861831
BHR,2012,Fossil Subsidies,8.926683072353306,Asia,Western Asia,Kingdom of Bahrain,0.6141716387861831
BHR,2017,Fossil Subsidies,4.034328066676571,Asia,Western Asia,Kingdom of Bahrain,0.8256286042700989
BHR,2022,Fossil Subsidies,19.68044473995198,Asia,Western Asia,Kingdom of Bahrain,0.1493734368713315
BHS,2007,Fossil Subsidies,0.7305402905240638,America,Caribbean,Commonwealth of the Bahamas,0.9684246476760758
BHS,2012,Fossil Subsidies,0.7305402905240638,America,Caribbean,Commonwealth of the Bahamas,0.9684246476760758
BHS,2017,Fossil Subsidies,1.1405705410386926,America,Caribbean,Commonwealth of the Bahamas,0.9507023539280081
BHS,2022,Fossil Subsidies,2.4170792677815456,America,Caribbean,Commonwealth of the Bahamas,0.8955291987792959
BIH,2007,Fossil Subsidies,0.0178094550503261,Europe,Southern Europe,Bosnia and Herzegovina,0.9992302411992804
BIH,2012,Fossil Subsidies,0.0178094550503261,Europe,Southern Europe,Bosnia and Herzegovina,0.9992302411992804
BIH,2017,Fossil Subsidies,0.0438721916361312,Europe,Southern Europe,Bosnia and Herzegovina,0.9981037597431625
BIH,2022,Fossil Subsidies,1.3121449554483866,Europe,Southern Europe,Bosnia and Herzegovina,0.9432865787065337
BLR,2007,Fossil Subsidies,1.930408895611687,Europe,Eastern Europe,Republic of Belarus,0.9165640255591508
BLR,2012,Fossil Subsidies,1.930408895611687,Europe,Eastern Europe,Republic of Belarus,0.9165640255591508
BLR,2017,Fossil Subsidies,2.0044549017437543,Europe,Eastern Europe,Republic of Belarus,0.9133636151750468
BLR,2022,Fossil Subsidies,2.684774660839634,Europe,Eastern Europe,Republic of Belarus,0.8839588905280742
BLZ,2007,Fossil Subsidies,0.0,America,Central America,Belize,1.0
BLZ,2012,Fossil Subsidies,0.0,America,Central America,Belize,1.0
BLZ,2017,Fossil Subsidies,0.0,America,Central America,Belize,1.0
BLZ,2022,Fossil Subsidies,0.0,America,Central America,Belize,1.0
BMU,2007,Fossil Subsidies,0.0822525821904554,America,Northern America,Bermuda,0.9964448856607853
BMU,2012,Fossil Subsidies,0.0822525821904554,America,Northern America,Bermuda,0.9964448856607853
BMU,2017,Fossil Subsidies,0.0,America,Northern America,Bermuda,1.0
BMU,2022,Fossil Subsidies,0.0099463311253274,America,Northern America,Bermuda,0.9995701004945431
BOL,2007,Fossil Subsidies,0.8186785804794658,America,South America,Plurinational State of Bolivia,0.9646151417601548
BOL,2012,Fossil Subsidies,0.8186785804794658,America,South America,Plurinational State of Bolivia,0.9646151417601548
BOL,2017,Fossil Subsidies,0.6968868517155263,America,South America,Plurinational State of Bolivia,0.9698792138390577
BOL,2022,Fossil Subsidies,4.840372966016608,America,South America,Plurinational State of Bolivia,0.7907897979568894
BRA,2007,Fossil Subsidies,0.0291552567665056,America,South America,Federative Republic of Brazil,0.9987398538911023
BRA,2012,Fossil Subsidies,0.0291552567665056,America,South America,Federative Republic of Brazil,0.9987398538911023
BRA,2017,Fossil Subsidies,0.0163584080814403,America,South America,Federative Republic of Brazil,0.999292958231969
BRA,2022,Fossil Subsidies,0.0183287085628251,America,South America,Federative Republic of Brazil,0.9992077980666904
BRB,2007,Fossil Subsidies,0.1409385299326599,America,Caribbean,Barbados,0.993908366456493
BRB,2012,Fossil Subsidies,0.1409385299326599,America,Caribbean,Barbados,0.993908366456493
BRB,2017,Fossil Subsidies,0.207683587290514,America,Caribbean,Barbados,0.9910235170795437
BRB,2022,Fossil Subsidies,0.4568542009876837,America,Caribbean,Barbados,0.9802538853175329
BRN,2007,Fossil Subsidies,2.9380277455316115,Asia,South-eastern Asia,"Nation of Brunei, Abode of Peace",0.8730128065406553
BRN,2012,Fossil Subsidies,2.9380277455316115,Asia,South-eastern Asia,"Nation of Brunei, Abode of Peace",0.8730128065406553
BRN,2017,Fossil Subsidies,2.3338174169285817,Asia,South-eastern Asia,"Nation of Brunei, Abode of Peace",0.899127935645593
BRN,2022,Fossil Subsidies,5.92211292931312,Asia,South-eastern Asia,"Nation of Brunei, Abode of Peace",0.7440349222751477
BTN,2007,Fossil Subsidies,2.396041190721315,Asia,Southern Asia,Kingdom of Bhutan,0.8964385048148578
BTN,2012,Fossil Subsidies,2.396041190721315,Asia,Southern Asia,Kingdom of Bhutan,0.8964385048148578
BTN,2017,Fossil Subsidies,0.1336209878154698,Asia,Southern Asia,Kingdom of Bhutan,0.9942246446597524
BTN,2022,Fossil Subsidies,0.47439011432722,Asia,Southern Asia,Kingdom of Bhutan,0.9794959495141284
BWA,2007,Fossil Subsidies,0.0,Africa,Southern Africa,Republic of Botswana,1.0
BWA,2012,Fossil Subsidies,0.0,Africa,Southern Africa,Republic of Botswana,1.0
BWA,2017,Fossil Subsidies,0.0,Africa,Southern Africa,Republic of Botswana,1.0
BWA,2022,Fossil Subsidies,0.0,Africa,Southern Africa,Republic of Botswana,1.0
CAF,2007,Fossil Subsidies,0.3363379998775351,Africa,Middle Africa,Central African Republic,0.9854628266451413
CAF,2012,Fossil Subsidies,0.3363379998775351,Africa,Middle Africa,Central African Republic,0.9854628266451413
CAF,2017,Fossil Subsidies,0.3335484889207621,Africa,Middle Africa,Central African Republic,0.9855833946581778
CAF,2022,Fossil Subsidies,0.497319781149977,Africa,Middle Africa,Central African Republic,0.9785048853415018
CAN,2007,Fossil Subsidies,0.1645051643809108,America,Northern America,Canada,0.9928897713215705
CAN,2012,Fossil Subsidies,0.1645051643809108,America,Northern America,Canada,0.9928897713215705
CAN,2017,Fossil Subsidies,0.0,America,Northern America,Canada,1.0
CAN,2022,Fossil Subsidies,0.0198926622506548,America,Northern America,Canada,0.9991402009890862
CHE,2007,Fossil Subsidies,0.0,Europe,Western Europe,Swiss Confederation,1.0
CHE,2012,Fossil Subsidies,0.0,Europe,Western Europe,Swiss Confederation,1.0
CHE,2017,Fossil Subsidies,0.0,Europe,Western Europe,Swiss Confederation,1.0
CHE,2022,Fossil Subsidies,0.0,Europe,Western Europe,Swiss Confederation,1.0
CHL,2007,Fossil Subsidies,0.5266596738699058,America,South America,Republic of Chile,0.9772367589126182
CHL,2012,Fossil Subsidies,0.5266596738699058,America,South America,Republic of Chile,0.9772367589126182
CHL,2017,Fossil Subsidies,0.474309060676736,America,South America,Republic of Chile,0.9794994528083403
CHL,2022,Fossil Subsidies,0.5602602409711399,America,South America,Republic of Chile,0.9757844779662188
CHN,2007,Fossil Subsidies,0.0702131745942909,Asia,Eastern Asia,People's Republic of China,0.9969652519452342
CHN,2012,Fossil Subsidies,0.0702131745942909,Asia,Eastern Asia,People's Republic of China,0.9969652519452342
CHN,2017,Fossil Subsidies,0.3198595106253652,Asia,Eastern Asia,People's Republic of China,0.9861750585516527
CHN,2022,Fossil Subsidies,1.4841810661948742,Asia,Eastern Asia,People's Republic of China,0.9358508480839813
CIV,2007,Fossil Subsidies,0.286417126570528,Africa,Western Africa,Republic of Côte d'Ivoire,0.9876205025234368
CIV,2012,Fossil Subsidies,0.286417126570528,Africa,Western Africa,Republic of Côte d'Ivoire,0.9876205025234368
CIV,2017,Fossil Subsidies,0.2386666217329609,Africa,Western Africa,Republic of Côte d'Ivoire,0.9896843709143367
CIV,2022,Fossil Subsidies,0.2005416715971905,Africa,Western Africa,Republic of Côte d'Ivoire,0.9913322043719622
CMR,2007,Fossil Subsidies,0.1789346012160642,Africa,Middle Africa,Republic of Cameroon,0.9922661033900197
CMR,2012,Fossil Subsidies,0.1789346012160642,Africa,Middle Africa,Republic of Cameroon,0.9922661033900197
CMR,2017,Fossil Subsidies,0.1274913198310449,Africa,Middle Africa,Republic of Cameroon,0.9944895806649904
CMR,2022,Fossil Subsidies,0.5596025246003665,Africa,Middle Africa,Republic of Cameroon,0.9758129057290758
COD,2007,Fossil Subsidies,0.0,Africa,Middle Africa,Democratic Republic of the Congo,1.0
COD,2012,Fossil Subsidies,0.0,Africa,Middle Africa,Democratic Republic of the Congo,1.0
COD,2017,Fossil Subsidies,0.0,Africa,Middle Africa,Democratic Republic of the Congo,1.0
COD,2022,Fossil Subsidies,0.0,Africa,Middle Africa,Democratic Republic of the Congo,1.0
COG,2007,Fossil Subsidies,1.7599251748599392,Africa,Middle Africa,Republic of the Congo,0.92393265890909
COG,2012,Fossil Subsidies,1.7599251748599392,Africa,Middle Africa,Republic of the Congo,0.92393265890909
COG,2017,Fossil Subsidies,0.6919136711136008,Africa,Middle Africa,Republic of the Congo,0.9700941642418118
COG,2022,Fossil Subsidies,0.8491325827889026,Africa,Middle Africa,Republic of the Congo,0.9632988613782689
COL,2007,Fossil Subsidies,0.1319139696441652,America,South America,Republic of Colombia,0.9942984252586891
COL,2012,Fossil Subsidies,0.1319139696441652,America,South America,Republic of Colombia,0.9942984252586891
COL,2017,Fossil Subsidies,0.0491924652770169,America,South America,Republic of Colombia,0.9978738073136392
COL,2022,Fossil Subsidies,1.1158439319529023,America,South America,Republic of Colombia,0.9517710853912648
COM,2007,Fossil Subsidies,0.0,Africa,Eastern Africa,Union of the Comoros,1.0
COM,2012,Fossil Subsidies,0.0,Africa,Eastern Africa,Union of the Comoros,1.0
COM,2017,Fossil Subsidies,0.0,Africa,Eastern Africa,Union of the Comoros,1.0
COM,2022,Fossil Subsidies,0.571262414790405,Africa,Eastern Africa,Union of the Comoros,0.9753089429147255
CPV,2007,Fossil Subsidies,0.0,Africa,Western Africa,Republic of Cabo Verde,1.0
CPV,2012,Fossil Subsidies,0.0,Africa,Western Africa,Republic of Cabo Verde,1.0
CPV,2017,Fossil Subsidies,0.083955356227743,Africa,Western Africa,Republic of Cabo Verde,0.9963712885014598
CPV,2022,Fossil Subsidies,0.9787691285058394,Africa,Western Africa,Republic of Cabo Verde,0.9576957212665411
CRI,2007,Fossil Subsidies,0.0912812193508599,America,Central America,Republic of Costa Rica,0.9960546506483671
CRI,2012,Fossil Subsidies,0.0912812193508599,America,Central America,Republic of Costa Rica,0.9960546506483671
CRI,2017,Fossil Subsidies,0.1204259760875087,America,Central America,Republic of Costa Rica,0.9947949583708958
CRI,2022,Fossil Subsidies,0.0642329889307135,America,Central America,Republic of Costa Rica,0.997223727037901
CUB,2007,Fossil Subsidies,0.8218464109694062,America,Caribbean,Republic of Cuba,0.9644782220513862
CUB,2012,Fossil Subsidies,0.8218464109694062,America,Caribbean,Republic of Cuba,0.9644782220513862
CUB,2017,Fossil Subsidies,0.3136489026861725,America,Caribbean,Republic of Cuba,0.9864434929369554
CUB,2022,Fossil Subsidies,1.1617302694650955,America,Caribbean,Republic of Cuba,0.9497877898871077
CUW,2007,Fossil Subsidies,0.8218464109694062,America,Caribbean,Country of Curaçao,0.9644782220513862
CUW,2012,Fossil Subsidies,0.8218464109694062,America,Caribbean,Country of Curaçao,0.9644782220513862
CUW,2017,Fossil Subsidies,0.3136489026861725,America,Caribbean,Country of Curaçao,0.9864434929369554
CUW,2022,Fossil Subsidies,1.1617302694650955,America,Caribbean,Country of Curaçao,0.9497877898871077
CYM,2007,Fossil Subsidies,0.8218464109694062,America,Caribbean,Cayman Islands,0.9644782220513862
CYM,2012,Fossil Subsidies,0.8218464109694062,America,Caribbean,Cayman Islands,0.9644782220513862
CYM,2017,Fossil Subsidies,0.3136489026861725,America,Caribbean,Cayman Islands,0.9864434929369554
CYM,2022,Fossil Subsidies,1.1617302694650955,America,Caribbean,Cayman Islands,0.9497877898871077
CYP,2007,Fossil Subsidies,1.2356975236019785,Asia,Western Asia,Republic of Cyprus,0.9465907833152595
CYP,2012,Fossil Subsidies,1.2356975236019785,Asia,Western Asia,Republic of Cyprus,0.9465907833152595
CYP,2017,Fossil Subsidies,1.3049522837703376,Asia,Western Asia,Republic of Cyprus,0.9435974597699474
CYP,2022,Fossil Subsidies,0.953012406120724,Asia,Western Asia,Republic of Cyprus,0.9588089762020575
CZE,2007,Fossil Subsidies,0.0,Europe,Eastern Europe,Czech Republic,1.0
CZE,2012,Fossil Subsidies,0.0,Europe,Eastern Europe,Czech Republic,1.0
CZE,2017,Fossil Subsidies,0.787071753369052,Europe,Eastern Europe,Czech Republic,0.9659812494407276
CZE,2022,Fossil Subsidies,0.8416493045264374,Europe,Eastern Europe,Czech Republic,0.9636223030155616
DEU,2007,Fossil Subsidies,0.0,Europe,Western Europe,Federal Republic of Germany,1.0
DEU,2012,Fossil Subsidies,0.0,Europe,Western Europe,Federal Republic of Germany,1.0
DEU,2017,Fossil Subsidies,0.0,Europe,Western Europe,Federal Republic of Germany,1.0
DEU,2022,Fossil Subsidies,0.9876143451748856,Europe,Western Europe,Federal Republic of Germany,0.9573134140395074
DJI,2007,Fossil Subsidies,2.098167370657868,Africa,Eastern Africa,Republic of Djibouti,0.9093131825548485
DJI,2012,Fossil Subsidies,2.098167370657868,Africa,Eastern Africa,Republic of Djibouti,0.9093131825548485
DJI,2017,Fossil Subsidies,2.4460297205182524,Africa,Eastern Africa,Republic of Djibouti,0.8942779046933217
DJI,2022,Fossil Subsidies,2.127083417783375,Africa,Eastern Africa,Republic of Djibouti,0.9080633755453705
DMA,2007,Fossil Subsidies,0.8218464109694062,America,Caribbean,Commonwealth of Dominica,0.9644782220513862
DMA,2012,Fossil Subsidies,0.8218464109694062,America,Caribbean,Commonwealth of Dominica,0.9644782220513862
DMA,2017,Fossil Subsidies,0.3136489026861725,America,Caribbean,Commonwealth of Dominica,0.9864434929369554
DMA,2022,Fossil Subsidies,1.1617302694650955,America,Caribbean,Commonwealth of Dominica,0.9497877898871077
DNK,2007,Fossil Subsidies,0.4103788808192883,Europe,Northern Europe,Kingdom of Denmark,0.9822626377815915
DNK,2012,Fossil Subsidies,0.4103788808192883,Europe,Northern Europe,Kingdom of Denmark,0.9822626377815915
DNK,2017,Fossil Subsidies,0.4128765904112523,Europe,Northern Europe,Kingdom of Denmark,0.9821546819831337
DNK,2022,Fossil Subsidies,0.5271937153461533,Europe,Northern Europe,Kingdom of Denmark,0.9772136766158758
DOM,2007,Fossil Subsidies,0.20078741156188,America,Caribbean,Dominican Republic,0.9913215830194293
DOM,2012,Fossil Subsidies,0.20078741156188,America,Caribbean,Dominican Republic,0.9913215830194293
DOM,2017,Fossil Subsidies,0.0,America,Caribbean,Dominican Republic,1.0
DOM,2022,Fossil Subsidies,1.3141881414492198,America,Caribbean,Dominican Republic,0.943198268289331
DZA,2007,Fossil Subsidies,8.998940447411291,Africa,Northern Africa,People's Democratic Republic of Algeria,0.6110485364671842
DZA,2012,Fossil Subsidies,8.998940447411291,Africa,Northern Africa,People's Democratic Republic of Algeria,0.6110485364671842
DZA,2017,Fossil Subsidies,7.920107348457441,Africa,Northern Africa,People's Democratic Republic of Algeria,0.6576777718975011
DZA,2022,Fossil Subsidies,23.136409786646944,Africa,Northern Africa,People's Democratic Republic of Algeria,0.0
ECU,2007,Fossil Subsidies,3.099526659488502,America,South America,Republic of Ecuador,0.8660325137706811
ECU,2012,Fossil Subsidies,3.099526659488502,America,South America,Republic of Ecuador,0.8660325137706811
ECU,2017,Fossil Subsidies,2.8289487896569896,America,South America,Republic of Ecuador,0.8777274081958168
ECU,2022,Fossil Subsidies,3.957941361782479,America,South America,Republic of Ecuador,0.8289301841434887
EGY,2007,Fossil Subsidies,4.719464711075373,Africa,Northern Africa,Arab Republic of Egypt,0.7960156846029245
EGY,2012,Fossil Subsidies,4.719464711075373,Africa,Northern Africa,Arab Republic of Egypt,0.7960156846029245
EGY,2017,Fossil Subsidies,5.838758979914866,Africa,Northern Africa,Arab Republic of Egypt,0.747637639817191
EGY,2022,Fossil Subsidies,8.102981973952447,Africa,Northern Africa,Arab Republic of Egypt,0.6497735798823445
ERI,2007,Fossil Subsidies,0.9552625639478712,Africa,Eastern Africa,State of Eritrea,0.9587117200656086
ERI,2012,Fossil Subsidies,0.9552625639478712,Africa,Eastern Africa,State of Eritrea,0.9587117200656086
ERI,2017,Fossil Subsidies,0.9079296933538158,Africa,Eastern Africa,State of Eritrea,0.9607575375036008
ERI,2022,Fossil Subsidies,1.0394678964022697,Africa,Eastern Africa,State of Eritrea,0.9550722041151696
ESP,2007,Fossil Subsidies,0.0,Europe,Southern Europe,Kingdom of Spain,1.0
ESP,2012,Fossil Subsidies,0.0,Europe,Southern Europe,Kingdom of Spain,1.0
ESP,2017,Fossil Subsidies,0.0,Europe,Southern Europe,Kingdom of Spain,1.0
ESP,2022,Fossil Subsidies,0.0451628420505261,Europe,Southern Europe,Kingdom of Spain,0.9980479753571536
EST,2007,Fossil Subsidies,4.546269402715016,Europe,Northern Europe,Republic of Estonia,0.803501517969358
EST,2012,Fossil Subsidies,4.546269402715016,Europe,Northern Europe,Republic of Estonia,0.803501517969358
EST,2017,Fossil Subsidies,4.003475537922147,Europe,Northern Europe,Republic of Estonia,0.826962109729197
EST,2022,Fossil Subsidies,2.999975389437892,Europe,Northern Europe,Republic of Estonia,0.8703353105731507
ETH,2007,Fossil Subsidies,0.9256905104386846,Africa,Eastern Africa,Federal Democratic Republic of Ethiopia,0.959989880929022
ETH,2012,Fossil Subsidies,0.9256905104386846,Africa,Eastern Africa,Federal Democratic Republic of Ethiopia,0.959989880929022
ETH,2017,Fossil Subsidies,0.9236022439410726,Africa,Eastern Africa,Federal Democratic Republic of Ethiopia,0.9600801398117471
ETH,2022,Fossil Subsidies,3.620158906326531,Africa,Eastern Africa,Federal Democratic Republic of Ethiopia,0.8435297896384993
FIN,2007,Fossil Subsidies,0.0002229156454766,Europe,Northern Europe,Republic of Finland,0.999990365158314
FIN,2012,Fossil Subsidies,0.0002229156454766,Europe,Northern Europe,Republic of Finland,0.999990365158314
FIN,2017,Fossil Subsidies,0.1455170394168318,Europe,Northern Europe,Republic of Finland,0.9937104744963147
FIN,2022,Fossil Subsidies,0.4783101718550845,Europe,Northern Europe,Republic of Finland,0.9793265171102242
FJI,2007,Fossil Subsidies,0.0,Oceania,Melanesia,Republic of Fiji,1.0
FJI,2012,Fossil Subsidies,0.0,Oceania,Melanesia,Republic of Fiji,1.0
FJI,2017,Fossil Subsidies,0.0,Oceania,Melanesia,Republic of Fiji,1.0
FJI,2022,Fossil Subsidies,0.3888489421498881,Oceania,Melanesia,Republic of Fiji,0.9831932030191517
FRA,2007,Fossil Subsidies,0.0503032659313047,Europe,Western Europe,French Republic,0.9978257963791626
FRA,2012,Fossil Subsidies,0.0503032659313047,Europe,Western Europe,French Republic,0.9978257963791626
FRA,2017,Fossil Subsidies,0.0,Europe,Western Europe,French Republic,1.0
FRA,2022,Fossil Subsidies,0.5784187859635823,Europe,Western Europe,French Republic,0.9749996308287463
FRO,2007,Fossil Subsidies,1.0690606267714107,Europe,Northern Europe,Faroe Islands,0.9537931495582166
FRO,2012,Fossil Subsidies,1.0690606267714107,Europe,Northern Europe,Faroe Islands,0.9537931495582166
FRO,2017,Fossil Subsidies,0.9212219755533713,Europe,Northern Europe,Faroe Islands,0.9601830195761379
FRO,2022,Fossil Subsidies,0.6673354404088516,Europe,Northern Europe,Faroe Islands,0.9711564825068926
FSM,2007,Fossil Subsidies,0.3599935573547158,Oceania,Micronesia,Federated States of Micronesia,0.9844403880863796
FSM,2012,Fossil Subsidies,0.3599935573547158,Oceania,Micronesia,Federated States of Micronesia,0.9844403880863796
FSM,2017,Fossil Subsidies,0.3248864359666399,Oceania,Micronesia,Federated States of Micronesia,0.9859577851981968
FSM,2022,Fossil Subsidies,0.0,Oceania,Micronesia,Federated States of Micronesia,1.0
GAB,2007,Fossil Subsidies,0.1346541375348029,Africa,Middle Africa,Gabonese Republic,0.9941799899475969
GAB,2012,Fossil Subsidies,0.1346541375348029,Africa,Middle Africa,Gabonese Republic,0.9941799899475969
GAB,2017,Fossil Subsidies,0.0120179858049066,Africa,Middle Africa,Gabonese Republic,0.9994805596064501
GAB,2022,Fossil Subsidies,0.0352765377616737,Africa,Middle Africa,Gabonese Republic,0.9984752803876238
GBR,2007,Fossil Subsidies,0.0,Europe,Northern Europe,United Kingdom of Great Britain and Northern Ireland,1.0
GBR,2012,Fossil Subsidies,0.0,Europe,Northern Europe,United Kingdom of Great Britain and Northern Ireland,1.0
GBR,2017,Fossil Subsidies,0.0,Europe,Northern Europe,United Kingdom of Great Britain and Northern Ireland,1.0
GBR,2022,Fossil Subsidies,0.492007311854739,Europe,Northern Europe,United Kingdom of Great Britain and Northern Ireland,0.9787345004522396
GEO,2007,Fossil Subsidies,3.049510883410227,Asia,Western Asia,Georgia,0.8681942915287472
GEO,2012,Fossil Subsidies,3.049510883410227,Asia,Western Asia,Georgia,0.8681942915287472
GEO,2017,Fossil Subsidies,2.825224327900373,Asia,Western Asia,Georgia,0.877888386575391
GEO,2022,Fossil Subsidies,14.037547032899464,Asia,Western Asia,Georgia,0.3932702972350896
GHA,2007,Fossil Subsidies,0.0,Africa,Western Africa,Republic of Ghana,1.0
GHA,2012,Fossil Subsidies,0.0,Africa,Western Africa,Republic of Ghana,1.0
GHA,2017,Fossil Subsidies,0.0,Africa,Western Africa,Republic of Ghana,1.0
GHA,2022,Fossil Subsidies,0.3648574352316516,Africa,Western Africa,Republic of Ghana,0.9842301619570109
GIB,2007,Fossil Subsidies,0.15509844494251734,Europe,Southern Europe,Gibraltar,0.9932963477750972
GIB,2012,Fossil Subsidies,0.15509844494251734,Europe,Southern Europe,Gibraltar,0.9932963477750972
GIB,2017,Fossil Subsidies,0.7150244544900723,Europe,Southern Europe,Gibraltar,0.9690952718644037
GIB,2022,Fossil Subsidies,0.965082836024732,Europe,Southern Europe,Gibraltar,0.9582872690739718
GIN,2007,Fossil Subsidies,2.4091279292691645,Africa,Western Africa,Republic of Guinea,0.8958728708781957
GIN,2012,Fossil Subsidies,2.4091279292691645,Africa,Western Africa,Republic of Guinea,0.8958728708781957
GIN,2017,Fossil Subsidies,3.368230524752226,Africa,Western Africa,Republic of Guinea,0.8544186174167703
GIN,2022,Fossil Subsidies,1.9256564408440893,Africa,Western Africa,Republic of Guinea,0.9167694357680563
GMB,2007,Fossil Subsidies,1.7605476615400348,Africa,Western Africa,Republic of the Gambia,0.9239057538410248
GMB,2012,Fossil Subsidies,1.7605476615400348,Africa,Western Africa,Republic of the Gambia,0.9239057538410248
GMB,2017,Fossil Subsidies,2.9975437483081464,Africa,Western Africa,Republic of the Gambia,0.870440410765971
GMB,2022,Fossil Subsidies,3.2004333695530423,Africa,Western Africa,Republic of the Gambia,0.861671132251463
GNB,2007,Fossil Subsidies,0.0,Africa,Western Africa,Republic of Guinea-Bissau,1.0
GNB,2012,Fossil Subsidies,0.0,Africa,Western Africa,Republic of Guinea-Bissau,1.0
GNB,2017,Fossil Subsidies,0.0666732760892502,Africa,Western Africa,Republic of Guinea-Bissau,0.9971182531471356
GNB,2022,Fossil Subsidies,0.2614757596349502,Africa,Western Africa,Republic of Guinea-Bissau,0.9886985162328055
GNQ,2007,Fossil Subsidies,0.0215365886914433,Africa,Middle Africa,Republic of Equatorial Guinea,0.9990691473357343
GNQ,2012,Fossil Subsidies,0.0215365886914433,Africa,Middle Africa,Republic of Equatorial Guinea,0.9990691473357343
GNQ,2017,Fossil Subsidies,0.0254835129766147,Africa,Middle Africa,Republic of Equatorial Guinea,0.9988985536990566
GNQ,2022,Fossil Subsidies,0.888520012660901,Africa,Middle Africa,Republic of Equatorial Guinea,0.9615964611253685
GRC,2007,Fossil Subsidies,0.0131334032109161,Europe,Southern Europe,Hellenic Republic,0.9994323491271107
GRC,2012,Fossil Subsidies,0.0131334032109161,Europe,Southern Europe,Hellenic Republic,0.9994323491271107
GRC,2017,Fossil Subsidies,0.1051544604837417,Europe,Southern Europe,Hellenic Republic,0.9954550225616927
GRC,2022,Fossil Subsidies,0.9165144191258796,Europe,Southern Europe,Hellenic Republic,0.9603864891926819
GRD,2007,Fossil Subsidies,0.8218464109694062,America,Caribbean,Grenada,0.9644782220513862
GRD,2012,Fossil Subsidies,0.8218464109694062,America,Caribbean,Grenada,0.9644782220513862
GRD,2017,Fossil Subsidies,0.3136489026861725,America,Caribbean,Grenada,0.9864434929369554
GRD,2022,Fossil Subsidies,1.1617302694650955,America,Caribbean,Grenada,0.9497877898871077
GRL,2007,Fossil Subsidies,0.0822525821904554,America,Northern America,Greenland,0.9964448856607853
GRL,2012,Fossil Subsidies,0.0822525821904554,America,Northern America,Greenland,0.9964448856607853
GRL,2017,Fossil Subsidies,0.0,America,Northern America,Greenland,1.0
GRL,2022,Fossil Subsidies,0.0099463311253274,America,Northern America,Greenland,0.9995701004945431
GTM,2007,Fossil Subsidies,0.0,America,Central America,Republic of Guatemala,1.0
GTM,2012,Fossil Subsidies,0.0,America,Central America,Republic of Guatemala,1.0
GTM,2017,Fossil Subsidies,0.0,America,Central America,Republic of Guatemala,1.0
GTM,2022,Fossil Subsidies,0.2097809583344789,America,Central America,Republic of Guatemala,0.9909328646808653
GUM,2007,Fossil Subsidies,0.3599935573547158,Oceania,Micronesia,Guam,0.9844403880863796
GUM,2012,Fossil Subsidies,0.3599935573547158,Oceania,Micronesia,Guam,0.9844403880863796
GUM,2017,Fossil Subsidies,0.3248864359666399,Oceania,Micronesia,Guam,0.9859577851981968
GUM,2022,Fossil Subsidies,0.0,Oceania,Micronesia,Guam,1.0
GUY,2007,Fossil Subsidies,0.0422215523092885,America,South America,Co-operative Republic of Guyana,0.9981751035403229
GUY,2012,Fossil Subsidies,0.0422215523092885,America,South America,Co-operative Republic of Guyana,0.9981751035403229
GUY,2017,Fossil Subsidies,0.3334911914940027,America,South America,Co-operative Republic of Guyana,0.9855858711628425
GUY,2022,Fossil Subsidies,0.5407883584108613,America,South America,Co-operative Republic of Guyana,0.9766260900719793
HKG,2007,Fossil Subsidies,0.2518229746186139,Asia,Eastern Asia,Hong Kong SAR,0.9891157281124944
HKG,2012,Fossil Subsidies,0.2518229746186139,Asia,Eastern Asia,Hong Kong SAR,0.9891157281124944
HKG,2017,Fossil Subsidies,0.7334950550033832,Asia,Eastern Asia,Hong Kong SAR,0.9682969370888859
HKG,2022,Fossil Subsidies,2.2703875325909513,Asia,Eastern Asia,Hong Kong SAR,0.901869496887054
HND,2007,Fossil Subsidies,0.5610239276956237,America,Central America,Republic of Honduras,0.9757514699614538
HND,2012,Fossil Subsidies,0.5610239276956237,America,Central America,Republic of Honduras,0.9757514699614538
HND,2017,Fossil Subsidies,1.087678999741969,America,Central America,Republic of Honduras,0.9529884277737112
HND,2022,Fossil Subsidies,1.1305230206305188,America,Central America,Republic of Honduras,0.9511366270283216
HRV,2007,Fossil Subsidies,0.0802129702590164,Europe,Southern Europe,Republic of Croatia,0.9965330415998549
HRV,2012,Fossil Subsidies,0.0802129702590164,Europe,Southern Europe,Republic of Croatia,0.9965330415998549
HRV,2017,Fossil Subsidies,0.2667895471741327,Europe,Southern Europe,Republic of Croatia,0.9884688441450364
HRV,2022,Fossil Subsidies,0.7067485614920676,Europe,Southern Europe,Republic of Croatia,0.9694529718305749
HTI,2007,Fossil Subsidies,0.0,America,Caribbean,Republic of Haiti,1.0
HTI,2012,Fossil Subsidies,0.0,America,Caribbean,Republic of Haiti,1.0
HTI,2017,Fossil Subsidies,0.0,America,Caribbean,Republic of Haiti,1.0
HTI,2022,Fossil Subsidies,1.114196021750642,America,Caribbean,Republic of Haiti,0.9518423112304271
HUN,2007,Fossil Subsidies,0.63551701598687,Europe,Eastern Europe,Republic of Hungary,0.9725317358290544
HUN,2012,Fossil Subsidies,0.63551701598687,Europe,Eastern Europe,Republic of Hungary,0.9725317358290544
HUN,2017,Fossil Subsidies,0.4618155865374523,Europe,Eastern Europe,Republic of Hungary,0.9800394447195526
HUN,2022,Fossil Subsidies,3.4968959289511363,Europe,Eastern Europe,Republic of Hungary,0.8488574519038234
IDN,2007,Fossil Subsidies,0.9870678010922568,Asia,South-eastern Asia,Republic of Indonesia,0.9573370367228741
IDN,2012,Fossil Subsidies,0.9870678010922568,Asia,South-eastern Asia,Republic of Indonesia,0.9573370367228741
IDN,2017,Fossil Subsidies,1.376531902881028,Asia,South-eastern Asia,Republic of Indonesia,0.9405036513627328
IDN,2022,Fossil Subsidies,5.759472488596336,Asia,South-eastern Asia,Republic of Indonesia,0.7510645540208064
IMN,2007,Fossil Subsidies,1.0690606267714107,Europe,Northern Europe,Isle of Man,0.9537931495582166
IMN,2012,Fossil Subsidies,1.0690606267714107,Europe,Northern Europe,Isle of Man,0.9537931495582166
IMN,2017,Fossil Subsidies,0.9212219755533713,Europe,Northern Europe,Isle of Man,0.9601830195761379
IMN,2022,Fossil Subsidies,0.6673354404088516,Europe,Northern Europe,Isle of Man,0.9711564825068926
IND,2007,Fossil Subsidies,0.3738869917948337,Asia,Southern Asia,Republic of India,0.9838398872062415
IND,2012,Fossil Subsidies,0.3738869917948337,Asia,Southern Asia,Republic of India,0.9838398872062415
IND,2017,Fossil Subsidies,0.7401274970252539,Asia,Southern Asia,Republic of India,0.9680102702255726
IND,2022,Fossil Subsidies,0.9792187239179816,Asia,Southern Asia,Republic of India,0.9576762888906328
IRL,2007,Fossil Subsidies,0.0,Europe,Northern Europe,Ireland,1.0
IRL,2012,Fossil Subsidies,0.0,Europe,Northern Europe,Ireland,1.0
IRL,2017,Fossil Subsidies,0.0,Europe,Northern Europe,Ireland,1.0
IRL,2022,Fossil Subsidies,0.0200097995447334,Europe,Northern Europe,Ireland,0.9991351380906003
IRN,2007,Fossil Subsidies,4.226116151113644,Asia,Southern Asia,Islamic Republic of Iran,0.8173391554659996
IRN,2012,Fossil Subsidies,4.226116151113644,Asia,Southern Asia,Islamic Republic of Iran,0.8173391554659996
IRN,2017,Fossil Subsidies,4.694562790920698,Asia,Southern Asia,Islamic Republic of Iran,0.7970919933467749
IRN,2022,Fossil Subsidies,10.481777349756266,Asia,Southern Asia,Islamic Republic of Iran,0.5469574818904803
IRQ,2007,Fossil Subsidies,1.5335370804487771,Asia,Western Asia,Republic of Iraq,0.9337175864971993
IRQ,2012,Fossil Subsidies,1.5335370804487771,Asia,Western Asia,Republic of Iraq,0.9337175864971993
IRQ,2017,Fossil Subsidies,1.4759675561877938,Asia,Western Asia,Republic of Iraq,0.936205851737652
IRQ,2022,Fossil Subsidies,5.631469418059024,Asia,Western Asia,Republic of Iraq,0.7565970922027325
ISL,2007,Fossil Subsidies,0.0,Europe,Northern Europe,Republic of Iceland,1.0
ISL,2012,Fossil Subsidies,0.0,Europe,Northern Europe,Republic of Iceland,1.0
ISL,2017,Fossil Subsidies,0.0,Europe,Northern Europe,Republic of Iceland,1.0
ISL,2022,Fossil Subsidies,0.0,Europe,Northern Europe,Republic of Iceland,1.0
ISR,2007,Fossil Subsidies,0.0234092602178736,Asia,Western Asia,State of Israel,0.9989882068811132
ISR,2012,Fossil Subsidies,0.0234092602178736,Asia,Western Asia,State of Israel,0.9989882068811132
ISR,2017,Fossil Subsidies,0.0245687277908668,Asia,Western Asia,State of Israel,0.998938092469081
ISR,2022,Fossil Subsidies,0.0214826433985057,Asia,Western Asia,State of Israel,0.9990714789547467
ITA,2007,Fossil Subsidies,0.0,Europe,Southern Europe,Italian Republic,1.0
ITA,2012,Fossil Subsidies,0.0,Europe,Southern Europe,Italian Republic,1.0
ITA,2017,Fossil Subsidies,0.0,Europe,Southern Europe,Italian Republic,1.0
ITA,2022,Fossil Subsidies,0.422143319230337,Europe,Southern Europe,Italian Republic,0.9817541561926356
JAM,2007,Fossil Subsidies,0.0279035580994529,America,Caribbean,Jamaica,0.9987939547078926
JAM,2012,Fossil Subsidies,0.0279035580994529,America,Caribbean,Jamaica,0.9987939547078926
JAM,2017,Fossil Subsidies,0.0537253195821351,America,Caribbean,Jamaica,0.9976778886578529
JAM,2022,Fossil Subsidies,0.0,America,Caribbean,Jamaica,1.0
JOR,2007,Fossil Subsidies,1.1866014267534029,Asia,Western Asia,Hashemite Kingdom of Jordan,0.948712810773336
JOR,2012,Fossil Subsidies,1.1866014267534029,Asia,Western Asia,Hashemite Kingdom of Jordan,0.948712810773336
JOR,2017,Fossil Subsidies,0.4777186211153255,Asia,Western Asia,Hashemite Kingdom of Jordan,0.979352085067622
JOR,2022,Fossil Subsidies,1.0127860839955922,Asia,Western Asia,Hashemite Kingdom of Jordan,0.956225443215476
JPN,2007,Fossil Subsidies,0.1157847606769443,Asia,Eastern Asia,Japan,0.9949955606014651
JPN,2012,Fossil Subsidies,0.1157847606769443,Asia,Eastern Asia,Japan,0.9949955606014651
JPN,2017,Fossil Subsidies,0.3166911224996184,Asia,Eastern Asia,Japan,0.9863120023625102
JPN,2022,Fossil Subsidies,0.6249466927860388,Asia,Eastern Asia,Japan,0.972988605468653
KAZ,2007,Fossil Subsidies,1.2141534313123847,Asia,Central Asia,Republic of Kazakhstan,0.9475219602994269
KAZ,2012,Fossil Subsidies,1.2141534313123847,Asia,Central Asia,Republic of Kazakhstan,0.9475219602994269
KAZ,2017,Fossil Subsidies,2.112496088935194,Asia,Central Asia,Republic of Kazakhstan,0.9086938678725162
KAZ,2022,Fossil Subsidies,8.620523336414463,Asia,Central Asia,Republic of Kazakhstan,0.6274044497003268
KEN,2007,Fossil Subsidies,0.7562736628624239,Africa,Eastern Africa,Republic of Kenya,0.967312401974359
KEN,2012,Fossil Subsidies,0.7562736628624239,Africa,Eastern Africa,Republic of Kenya,0.967312401974359
KEN,2017,Fossil Subsidies,0.6096609383359459,Africa,Eastern Africa,Republic of Kenya,0.9736492850896941
KEN,2022,Fossil Subsidies,0.059628179391786,Africa,Eastern Africa,Republic of Kenya,0.9974227557368819
KGZ,2007,Fossil Subsidies,10.400019167417785,Asia,Central Asia,Kyrgyz Republic,0.5504912273199751
KGZ,2012,Fossil Subsidies,10.400019167417785,Asia,Central Asia,Kyrgyz Republic,0.5504912273199751
KGZ,2017,Fossil Subsidies,10.861533893511652,Asia,Central Asia,Kyrgyz Republic,0.5305436758048637
KGZ,2022,Fossil Subsidies,12.798687777349164,Asia,Central Asia,Kyrgyz Republic,0.44681617003793483
KHM,2007,Fossil Subsidies,0.0,Asia,South-eastern Asia,Kingdom of Cambodia,1.0
KHM,2012,Fossil Subsidies,0.0,Asia,South-eastern Asia,Kingdom of Cambodia,1.0
KHM,2017,Fossil Subsidies,0.0,Asia,South-eastern Asia,Kingdom of Cambodia,1.0
KHM,2022,Fossil Subsidies,0.5809776230786946,Asia,South-eastern Asia,Kingdom of Cambodia,0.9748890329815129
KIR,2007,Fossil Subsidies,0.3599935573547158,Oceania,Micronesia,Republic of Kiribati,0.9844403880863796
KIR,2012,Fossil Subsidies,0.3599935573547158,Oceania,Micronesia,Republic of Kiribati,0.9844403880863796
KIR,2017,Fossil Subsidies,0.3248864359666399,Oceania,Micronesia,Republic of Kiribati,0.9859577851981968
KIR,2022,Fossil Subsidies,0.0,Oceania,Micronesia,Republic of Kiribati,1.0
KNA,2007,Fossil Subsidies,0.8218464109694062,America,Caribbean,Saint Kitts and Nevis,0.9644782220513862
KNA,2012,Fossil Subsidies,0.8218464109694062,America,Caribbean,Saint Kitts and Nevis,0.9644782220513862
KNA,2017,Fossil Subsidies,0.3136489026861725,America,Caribbean,Saint Kitts and Nevis,0.9864434929369554
KNA,2022,Fossil Subsidies,1.1617302694650955,America,Caribbean,Saint Kitts and Nevis,0.9497877898871077
KOR,2007,Fossil Subsidies,0.0,Asia,Eastern Asia,Republic of Korea,1.0
KOR,2012,Fossil Subsidies,0.0,Asia,Eastern Asia,Republic of Korea,1.0
KOR,2017,Fossil Subsidies,0.0,Asia,Eastern Asia,Republic of Korea,1.0
KOR,2022,Fossil Subsidies,3.225066256807725,Asia,Eastern Asia,Republic of Korea,0.8606064516254784
KWT,2007,Fossil Subsidies,6.2937621068888125,Asia,Western Asia,State of Kuwait,0.7279715321034284
KWT,2012,Fossil Subsidies,6.2937621068888125,Asia,Western Asia,State of Kuwait,0.7279715321034284
KWT,2017,Fossil Subsidies,4.439011600329426,Asia,Western Asia,State of Kuwait,0.8081374058782717
KWT,2022,Fossil Subsidies,8.28820529022207,Asia,Western Asia,State of Kuwait,0.6417678729477914
LAO,2007,Fossil Subsidies,0.0,Asia,South-eastern Asia,Lao People's Democratic Republic,1.0
LAO,2012,Fossil Subsidies,0.0,Asia,South-eastern Asia,Lao People's Democratic Republic,1.0
LAO,2017,Fossil Subsidies,0.2283720379306484,Asia,South-eastern Asia,Lao People's Democratic Republic,0.990129322568342
LAO,2022,Fossil Subsidies,0.5074164889003074,Asia,South-eastern Asia,Lao People's Democratic Republic,0.9780684862699328
LBN,2007,Fossil Subsidies,3.2518563236102,Asia,Western Asia,Lebanese Republic,0.8594485335625845
LBN,2012,Fossil Subsidies,3.2518563236102,Asia,Western Asia,Lebanese Republic,0.8594485335625845
LBN,2017,Fossil Subsidies,4.153938959125666,Asia,Western Asia,Lebanese Republic,0.8204587921189445
LBN,2022,Fossil Subsidies,5.661989658973786,Asia,Western Asia,Lebanese Republic,0.7552779488612976
LBR,2007,Fossil Subsidies,0.0,Africa,Western Africa,Republic of Liberia,1.0
LBR,2012,Fossil Subsidies,0.0,Africa,Western Africa,Republic of Liberia,1.0
LBR,2017,Fossil Subsidies,0.0,Africa,Western Africa,Republic of Liberia,1.0
LBR,2022,Fossil Subsidies,0.2262117695268498,Africa,Western Africa,Republic of Liberia,0.9902226935115316
LBY,2007,Fossil Subsidies,4.140506574274221,Africa,Northern Africa,State of Libya,0.8210393655516989
LBY,2012,Fossil Subsidies,4.140506574274221,Africa,Northern Africa,State of Libya,0.8210393655516989
LBY,2017,Fossil Subsidies,4.289245634917053,Africa,Northern Africa,State of Libya,0.81461057811171
LBY,2022,Fossil Subsidies,4.269999394052626,Africa,Northern Africa,State of Libya,0.8154424375506595
LCA,2007,Fossil Subsidies,2.1413481449337868e-06,America,Caribbean,Saint Lucia,0.9999999074468268
LCA,2012,Fossil Subsidies,2.1413481449337868e-06,America,Caribbean,Saint Lucia,0.9999999074468268
LCA,2017,Fossil Subsidies,4.163467456037709e-06,America,Caribbean,Saint Lucia,0.9999998200469522
LCA,2022,Fossil Subsidies,0.3513911191965089,America,Caribbean,Saint Lucia,0.9848122019605948
LIE,2007,Fossil Subsidies,0.20462891481220044,Europe,Western Europe,Principality of Liechtenstein,0.9911555458820451
LIE,2012,Fossil Subsidies,0.20462891481220044,Europe,Western Europe,Principality of Liechtenstein,0.9911555458820451
LIE,2017,Fossil Subsidies,0.2264600984764971,Europe,Western Europe,Principality of Liechtenstein,0.9902119602581038
LIE,2022,Fossil Subsidies,0.5766917845016856,Europe,Western Europe,Principality of Liechtenstein,0.9750742751438245
LKA,2007,Fossil Subsidies,0.2514196408030814,Asia,Southern Asia,Democratic Socialist Republic of Sri Lanka,0.9891331609734806
LKA,2012,Fossil Subsidies,0.2514196408030814,Asia,Southern Asia,Democratic Socialist Republic of Sri Lanka,0.9891331609734806
LKA,2017,Fossil Subsidies,0.3462401482007288,Asia,Southern Asia,Democratic Socialist Republic of Sri Lanka,0.9850348368051227
LKA,2022,Fossil Subsidies,0.6858949392278895,Asia,Southern Asia,Democratic Socialist Republic of Sri Lanka,0.9703543053761198
LSO,2007,Fossil Subsidies,0.1629355107617991,Africa,Southern Africa,Kingdom of Lesotho,0.9929576147611356
LSO,2012,Fossil Subsidies,0.1629355107617991,Africa,Southern Africa,Kingdom of Lesotho,0.9929576147611356
LSO,2017,Fossil Subsidies,0.1096772033556588,Africa,Southern Africa,Kingdom of Lesotho,0.9952595409414403
LSO,2022,Fossil Subsidies,0.1630569151046133,Africa,Southern Africa,Kingdom of Lesotho,0.9929523674326205
LTU,2007,Fossil Subsidies,1.2872131671405929,Europe,Northern Europe,Republic of Lithuania,0.9443641784092405
LTU,2012,Fossil Subsidies,1.2872131671405929,Europe,Northern Europe,Republic of Lithuania,0.9443641784092405
LTU,2017,Fossil Subsidies,1.5594684238811214,Europe,Northern Europe,Republic of Lithuania,0.9325967841051485
LTU,2022,Fossil Subsidies,1.364563770330686,Europe,Northern Europe,Republic of Lithuania,0.941020937003016
LUX,2007,Fossil Subsidies,0.6032896525642267,Europe,Western Europe,Grand Duchy of Luxembourg,0.9739246642790529
LUX,2012,Fossil Subsidies,0.6032896525642267,Europe,Western Europe,Grand Duchy of Luxembourg,0.9739246642790529
LUX,2017,Fossil Subsidies,0.7590162707296272,Europe,Western Europe,Grand Duchy of Luxembourg,0.9671938612028004
LUX,2022,Fossil Subsidies,0.6772301407388169,Europe,Western Europe,Grand Duchy of Luxembourg,0.9707288145834244
LVA,2007,Fossil Subsidies,0.2409735218238023,Europe,Northern Europe,Republic of Latvia,0.9895846622684354
LVA,2012,Fossil Subsidies,0.2409735218238023,Europe,Northern Europe,Republic of Latvia,0.9895846622684354
LVA,2017,Fossil Subsidies,0.4257241818482546,Europe,Northern Europe,Republic of Latvia,0.9815993844432181
LVA,2022,Fossil Subsidies,0.6616695413246729,Europe,Northern Europe,Republic of Latvia,0.9714013735308858
MAC,2007,Fossil Subsidies,0.2518229746186139,Asia,Eastern Asia,Macau SAR,0.9891157281124944
MAC,2012,Fossil Subsidies,0.2518229746186139,Asia,Eastern Asia,Macau SAR,0.9891157281124944
MAC,2017,Fossil Subsidies,0.7334950550033832,Asia,Eastern Asia,Macau SAR,0.9682969370888859
MAC,2022,Fossil Subsidies,2.2703875325909513,Asia,Eastern Asia,Macau SAR,0.901869496887054
MAF,2007,Fossil Subsidies,0.8218464109694062,America,Caribbean,Saint-Martin (French part),0.9644782220513862
MAF,2012,Fossil Subsidies,0.8218464109694062,America,Caribbean,Saint-Martin (French part),0.9644782220513862
MAF,2017,Fossil Subsidies,0.3136489026861725,America,Caribbean,Saint-Martin (French part),0.9864434929369554
MAF,2022,Fossil Subsidies,1.1617302694650955,America,Caribbean,Saint-Martin (French part),0.9497877898871077
MAR,2007,Fossil Subsidies,1.4701885000191894,Africa,Northern Africa,Kingdom of Morocco,0.936455633627837
MAR,2012,Fossil Subsidies,1.4701885000191894,Africa,Northern Africa,Kingdom of Morocco,0.936455633627837
MAR,2017,Fossil Subsidies,1.6328240753149477,Africa,Northern Africa,Kingdom of Morocco,0.9294262121750055
MAR,2022,Fossil Subsidies,1.0031052358846122,Africa,Northern Africa,Kingdom of Morocco,0.9566438680359324
MCO,2007,Fossil Subsidies,0.20462891481220044,Europe,Western Europe,Principality of Monaco,0.9911555458820451
MCO,2012,Fossil Subsidies,0.20462891481220044,Europe,Western Europe,Principality of Monaco,0.9911555458820451
MCO,2017,Fossil Subsidies,0.2264600984764971,Europe,Western Europe,Principality of Monaco,0.9902119602581038
MCO,2022,Fossil Subsidies,0.5766917845016856,Europe,Western Europe,Principality of Monaco,0.9750742751438245
MDA,2007,Fossil Subsidies,6.0185926723107785,Europe,Eastern Europe,Republic of Moldova,0.7398648827622176
MDA,2012,Fossil Subsidies,6.0185926723107785,Europe,Eastern Europe,Republic of Moldova,0.7398648827622176
MDA,2017,Fossil Subsidies,1.4081357461343744,Europe,Eastern Europe,Republic of Moldova,0.9391376726501849
MDA,2022,Fossil Subsidies,1.8560944157681765,Europe,Eastern Europe,Republic of Moldova,0.9197760398919191
MDG,2007,Fossil Subsidies,1.3149329365717874,Africa,Eastern Africa,Republic of Madagascar,0.9431660768158293
MDG,2012,Fossil Subsidies,1.3149329365717874,Africa,Eastern Africa,Republic of Madagascar,0.9431660768158293
MDG,2017,Fossil Subsidies,0.8608769022689379,Africa,Eastern Africa,Republic of Madagascar,0.9627912493680939
MDG,2022,Fossil Subsidies,1.886803001069839,Africa,Eastern Africa,Republic of Madagascar,0.9184487559448917
MDV,2007,Fossil Subsidies,0.54248566050115,Asia,Southern Asia,Republic of Maldives,0.9765527294206968
MDV,2012,Fossil Subsidies,0.54248566050115,Asia,Southern Asia,Republic of Maldives,0.9765527294206968
MDV,2017,Fossil Subsidies,1.2675771786120436,Asia,Southern Asia,Republic of Maldives,0.9452128834896579
MDV,2022,Fossil Subsidies,2.787512513079561,Asia,Southern Asia,Republic of Maldives,0.8795183635324284
MEX,2007,Fossil Subsidies,0.3703908243781077,America,Central America,United Mexican States,0.9839909982666422
MEX,2012,Fossil Subsidies,0.3703908243781077,America,Central America,United Mexican States,0.9839909982666422
MEX,2017,Fossil Subsidies,0.4288872671188053,America,Central America,United Mexican States,0.9814626698319314
MEX,2022,Fossil Subsidies,0.500035799759763,America,Central America,United Mexican States,0.9783874938086393
MHL,2007,Fossil Subsidies,0.3599935573547158,Oceania,Micronesia,Republic of the Marshall Islands,0.9844403880863796
MHL,2012,Fossil Subsidies,0.3599935573547158,Oceania,Micronesia,Republic of the Marshall Islands,0.9844403880863796
MHL,2017,Fossil Subsidies,0.3248864359666399,Oceania,Micronesia,Republic of the Marshall Islands,0.9859577851981968
MHL,2022,Fossil Subsidies,0.0,Oceania,Micronesia,Republic of the Marshall Islands,1.0
MKD,2007,Fossil Subsidies,0.4620939599436974,Europe,Southern Europe,Republic of North Macedonia,0.9800274128870939
MKD,2012,Fossil Subsidies,0.4620939599436974,Europe,Southern Europe,Republic of North Macedonia,0.9800274128870939
MKD,2017,Fossil Subsidies,5.514624441558695,Europe,Southern Europe,Republic of North Macedonia,0.761647356162345
MKD,2022,Fossil Subsidies,2.4324450072379884,Europe,Southern Europe,Republic of North Macedonia,0.8948650620528921
MLI,2007,Fossil Subsidies,6.14749148808241,Africa,Western Africa,Republic of Mali,0.734293628753481
MLI,2012,Fossil Subsidies,6.14749148808241,Africa,Western Africa,Republic of Mali,0.734293628753481
MLI,2017,Fossil Subsidies,5.118728442811412,Africa,Western Africa,Republic of Mali,0.7787587404435731
MLI,2022,Fossil Subsidies,1.782412819250876,Africa,Western Africa,Republic of Mali,0.9229606997936393
MLT,2007,Fossil Subsidies,0.0,Europe,Southern Europe,Republic of Malta,1.0
MLT,2012,Fossil Subsidies,0.0,Europe,Southern Europe,Republic of Malta,1.0
MLT,2017,Fossil Subsidies,0.0,Europe,Southern Europe,Republic of Malta,1.0
MLT,2022,Fossil Subsidies,0.0,Europe,Southern Europe,Republic of Malta,1.0
MMR,2007,Fossil Subsidies,1.0305274296354492,Asia,South-eastern Asia,Republic of the Union of Myanmar,0.9554586282340913
MMR,2012,Fossil Subsidies,1.0305274296354492,Asia,South-eastern Asia,Republic of the Union of Myanmar,0.9554586282340913
MMR,2017,Fossil Subsidies,1.2774635996431434,Asia,South-eastern Asia,Republic of the Union of Myanmar,0.944785573413364
MMR,2022,Fossil Subsidies,1.049198290717418,Asia,South-eastern Asia,Republic of the Union of Myanmar,0.9546516378127536
MNE,2007,Fossil Subsidies,0.15509844494251734,Europe,Southern Europe,Montenegro,0.9932963477750972
MNE,2012,Fossil Subsidies,0.15509844494251734,Europe,Southern Europe,Montenegro,0.9932963477750972
MNE,2017,Fossil Subsidies,0.7150244544900723,Europe,Southern Europe,Montenegro,0.9690952718644037
MNE,2022,Fossil Subsidies,0.965082836024732,Europe,Southern Europe,Montenegro,0.9582872690739718
MNG,2007,Fossil Subsidies,0.8212939632032205,Asia,Eastern Asia,Mongolia,0.9645020999032777
MNG,2012,Fossil Subsidies,0.8212939632032205,Asia,Eastern Asia,Mongolia,0.9645020999032777
MNG,2017,Fossil Subsidies,2.297429586888549,Asia,Eastern Asia,Mongolia,0.900700687441381
MNG,2022,Fossil Subsidies,3.747356114575166,Asia,Eastern Asia,Mongolia,0.8380320823701034
MNP,2007,Fossil Subsidies,0.3599935573547158,Oceania,Micronesia,Northern Mariana Islands,0.9844403880863796
MNP,2012,Fossil Subsidies,0.3599935573547158,Oceania,Micronesia,Northern Mariana Islands,0.9844403880863796
MNP,2017,Fossil Subsidies,0.3248864359666399,Oceania,Micronesia,Northern Mariana Islands,0.9859577851981968
MNP,2022,Fossil Subsidies,0.0,Oceania,Micronesia,Northern Mariana Islands,1.0
MOZ,2007,Fossil Subsidies,0.0,Africa,Eastern Africa,Republic of Mozambique,1.0
MOZ,2012,Fossil Subsidies,0.0,Africa,Eastern Africa,Republic of Mozambique,1.0
MOZ,2017,Fossil Subsidies,0.8942972950128506,Africa,Eastern Africa,Republic of Mozambique,0.9613467559029409
MOZ,2022,Fossil Subsidies,0.0234340437233208,Africa,Eastern Africa,Republic of Mozambique,0.9989871356904801
MRT,2007,Fossil Subsidies,2.8986928059680155,Africa,Western Africa,Islamic Republic of Mauritania,0.8747129380617653
MRT,2012,Fossil Subsidies,2.8986928059680155,Africa,Western Africa,Islamic Republic of Mauritania,0.8747129380617653
MRT,2017,Fossil Subsidies,3.077584136968189,Africa,Western Africa,Islamic Republic of Mauritania,0.8669809116734957
MRT,2022,Fossil Subsidies,4.165152435121668,Africa,Western Africa,Islamic Republic of Mauritania,0.8199741241821553
MUS,2007,Fossil Subsidies,0.0,Africa,Eastern Africa,Republic of Mauritius,1.0
MUS,2012,Fossil Subsidies,0.0,Africa,Eastern Africa,Republic of Mauritius,1.0
MUS,2017,Fossil Subsidies,0.273632769457113,Africa,Eastern Africa,Republic of Mauritius,0.9881730669546216
MUS,2022,Fossil Subsidies,1.2363473920798138,Africa,Eastern Africa,Republic of Mauritius,0.9465626947533854
MWI,2007,Fossil Subsidies,0.0,Africa,Eastern Africa,Republic of Malawi,1.0
MWI,2012,Fossil Subsidies,0.0,Africa,Eastern Africa,Republic of Malawi,1.0
MWI,2017,Fossil Subsidies,1.6622774774726034e-16,Africa,Eastern Africa,Republic of Malawi,1.0
MWI,2022,Fossil Subsidies,0.0073793487029171,Africa,Eastern Africa,Republic of Malawi,0.9996810503975784
MYS,2007,Fossil Subsidies,0.3901361347479169,Asia,South-eastern Asia,Malaysia,0.9831375680865974
MYS,2012,Fossil Subsidies,0.3901361347479169,Asia,South-eastern Asia,Malaysia,0.9831375680865974
MYS,2017,Fossil Subsidies,0.9539061684460785,Asia,South-eastern Asia,Malaysia,0.958770346080375
MYS,2022,Fossil Subsidies,4.339627906914584,Asia,South-eastern Asia,Malaysia,0.8124329596971791
NAM,2007,Fossil Subsidies,0.0,Africa,Southern Africa,Republic of Namibia,1.0
NAM,2012,Fossil Subsidies,0.0,Africa,Southern Africa,Republic of Namibia,1.0
NAM,2017,Fossil Subsidies,0.0,Africa,Southern Africa,Republic of Namibia,1.0
NAM,2022,Fossil Subsidies,0.0,Africa,Southern Africa,Republic of Namibia,1.0
NCL,2007,Fossil Subsidies,0.0,Oceania,Melanesia,New Caledonia,1.0
NCL,2012,Fossil Subsidies,0.0,Oceania,Melanesia,New Caledonia,1.0
NCL,2017,Fossil Subsidies,0.0,Oceania,Melanesia,New Caledonia,1.0
NCL,2022,Fossil Subsidies,0.12961631404996268,Oceania,Melanesia,New Caledonia,0.9943977343397172
NER,2007,Fossil Subsidies,1.9256627433471984,Africa,Western Africa,Republic of Niger,0.9167691633617855
NER,2012,Fossil Subsidies,1.9256627433471984,Africa,Western Africa,Republic of Niger,0.9167691633617855
NER,2017,Fossil Subsidies,2.3667959697802177,Africa,Western Africa,Republic of Niger,0.8977025393479069
NER,2022,Fossil Subsidies,2.3301108229990897,Africa,Western Africa,Republic of Niger,0.8992881417434134
NGA,2007,Fossil Subsidies,0.0296518298439433,Africa,Western Africa,Federal Republic of Nigeria,0.9987183910504103
NGA,2012,Fossil Subsidies,0.0296518298439433,Africa,Western Africa,Federal Republic of Nigeria,0.9987183910504103
NGA,2017,Fossil Subsidies,0.6011592300459695,Africa,Western Africa,Federal Republic of Nigeria,0.9740167452258334
NGA,2022,Fossil Subsidies,0.9620855807292712,Africa,Western Africa,Federal Republic of Nigeria,0.9584168161957204
NIC,2007,Fossil Subsidies,0.0,America,Central America,Republic of Nicaragua,1.0
NIC,2012,Fossil Subsidies,0.0,America,Central America,Republic of Nicaragua,1.0
NIC,2017,Fossil Subsidies,0.4388294188902259,America,Central America,Republic of Nicaragua,0.9810329509661653
NIC,2022,Fossil Subsidies,0.3310570683296615,America,Central America,Republic of Nicaragua,0.9856910786339577
NLD,2007,Fossil Subsidies,0.7558919164412582,Europe,Western Europe,Kingdom of the Netherlands,0.9673289017867622
NLD,2012,Fossil Subsidies,0.7558919164412582,Europe,Western Europe,Kingdom of the Netherlands,0.9673289017867622
NLD,2017,Fossil Subsidies,0.8262044186058525,Europe,Western Europe,Kingdom of the Netherlands,0.9642898606039261
NLD,2022,Fossil Subsidies,0.838187170455458,Europe,Western Europe,Kingdom of the Netherlands,0.9637719430894929
NOR,2007,Fossil Subsidies,0.0,Europe,Northern Europe,Kingdom of Norway,1.0
NOR,2012,Fossil Subsidies,0.0,Europe,Northern Europe,Kingdom of Norway,1.0
NOR,2017,Fossil Subsidies,0.0,Europe,Northern Europe,Kingdom of Norway,1.0
NOR,2022,Fossil Subsidies,0.0,Europe,Northern Europe,Kingdom of Norway,1.0
NPL,2007,Fossil Subsidies,0.0,Asia,Southern Asia,Federal Democratic Republic of Nepal,1.0
NPL,2012,Fossil Subsidies,0.0,Asia,Southern Asia,Federal Democratic Republic of Nepal,1.0
NPL,2017,Fossil Subsidies,0.0920645656569846,Asia,Southern Asia,Federal Democratic Republic of Nepal,0.9960207929187822
NPL,2022,Fossil Subsidies,0.0,Asia,Southern Asia,Federal Democratic Republic of Nepal,1.0
NRU,2007,Fossil Subsidies,0.3035432713626635,Oceania,Polynesia,Republic of Nauru,0.98688027770247
NRU,2012,Fossil Subsidies,0.3035432713626635,Oceania,Polynesia,Republic of Nauru,0.98688027770247
NRU,2017,Fossil Subsidies,0.3008901607680512,Oceania,Polynesia,Republic of Nauru,0.986994950230277
NRU,2022,Fossil Subsidies,0.0,Oceania,Polynesia,Republic of Nauru,1.0
NZL,2007,Fossil Subsidies,0.0,Oceania,Australia and New Zealand,New Zealand,1.0
NZL,2012,Fossil Subsidies,0.0,Oceania,Australia and New Zealand,New Zealand,1.0
NZL,2017,Fossil Subsidies,0.0,Oceania,Australia and New Zealand,New Zealand,1.0
NZL,2022,Fossil Subsidies,0.0,Oceania,Australia and New Zealand,New Zealand,1.0
OMN,2007,Fossil Subsidies,2.395099185699263,Asia,Western Asia,Sultanate of Oman,0.8964792200784073
OMN,2012,Fossil Subsidies,2.395099185699263,Asia,Western Asia,Sultanate of Oman,0.8964792200784073
OMN,2017,Fossil Subsidies,0.8592401133248783,Asia,Western Asia,Sultanate of Oman,0.9628619945251494
OMN,2022,Fossil Subsidies,3.386546549361423,Asia,Western Asia,Sultanate of Oman,0.8536269637082609
PAK,2007,Fossil Subsidies,1.2310478607027795,Asia,Southern Asia,Islamic Republic of Pakistan,0.9467917506624872
PAK,2012,Fossil Subsidies,1.2310478607027795,Asia,Southern Asia,Islamic Republic of Pakistan,0.9467917506624872
PAK,2017,Fossil Subsidies,1.0271703310974336,Asia,Southern Asia,Islamic Republic of Pakistan,0.9556037284708598
PAK,2022,Fossil Subsidies,3.8847889181351674,Asia,Southern Asia,Islamic Republic of Pakistan,0.8320919730434039
PAN,2007,Fossil Subsidies,0.1867434054477036,America,Central America,Republic of Panama,0.9919285918960736
PAN,2012,Fossil Subsidies,0.1867434054477036,America,Central America,Republic of Panama,0.9919285918960736
PAN,2017,Fossil Subsidies,0.1715360857950401,America,Central America,Republic of Panama,0.9925858814147542
PAN,2022,Fossil Subsidies,0.0699185153062254,America,Central America,Republic of Panama,0.9969779876847368
PER,2007,Fossil Subsidies,0.0,America,South America,Republic of Peru,1.0
PER,2012,Fossil Subsidies,0.0,America,South America,Republic of Peru,1.0
PER,2017,Fossil Subsidies,0.0,America,South America,Republic of Peru,1.0
PER,2022,Fossil Subsidies,0.0,America,South America,Republic of Peru,1.0
PHL,2007,Fossil Subsidies,0.001094920728325,Asia,South-eastern Asia,Republic of the Philippines,0.9999526754263768
PHL,2012,Fossil Subsidies,0.001094920728325,Asia,South-eastern Asia,Republic of the Philippines,0.9999526754263768
PHL,2017,Fossil Subsidies,0.3572863033992393,Asia,South-eastern Asia,Republic of the Philippines,0.9845574007940746
PHL,2022,Fossil Subsidies,0.281892545352204,Asia,South-eastern Asia,Republic of the Philippines,0.9878160636005463
PLW,2007,Fossil Subsidies,0.3599935573547158,Oceania,Micronesia,Republic of Palau,0.9844403880863796
PLW,2012,Fossil Subsidies,0.3599935573547158,Oceania,Micronesia,Republic of Palau,0.9844403880863796
PLW,2017,Fossil Subsidies,0.3248864359666399,Oceania,Micronesia,Republic of Palau,0.9859577851981968
PLW,2022,Fossil Subsidies,0.0,Oceania,Micronesia,Republic of Palau,1.0
PNG,2007,Fossil Subsidies,0.0,Oceania,Melanesia,Independent State of Papua New Guinea,1.0
PNG,2012,Fossil Subsidies,0.0,Oceania,Melanesia,Independent State of Papua New Guinea,1.0
PNG,2017,Fossil Subsidies,0.0,Oceania,Melanesia,Independent State of Papua New Guinea,1.0
PNG,2022,Fossil Subsidies,0.0,Oceania,Melanesia,Independent State of Papua New Guinea,1.0
POL,2007,Fossil Subsidies,0.1890694508510048,Europe,Eastern Europe,Republic of Poland,0.9918280557530527
POL,2012,Fossil Subsidies,0.1890694508510048,Europe,Eastern Europe,Republic of Poland,0.9918280557530527
POL,2017,Fossil Subsidies,0.7899101978309675,Europe,Eastern Europe,Republic of Poland,0.9658585664277585
POL,2022,Fossil Subsidies,1.0097989443055853,Europe,Eastern Europe,Republic of Poland,0.9563545531213582
PRI,2007,Fossil Subsidies,0.8218464109694062,America,Caribbean,Puerto Rico,0.9644782220513862
PRI,2012,Fossil Subsidies,0.8218464109694062,America,Caribbean,Puerto Rico,0.9644782220513862
PRI,2017,Fossil Subsidies,0.3136489026861725,America,Caribbean,Puerto Rico,0.9864434929369554
PRI,2022,Fossil Subsidies,1.1617302694650955,America,Caribbean,Puerto Rico,0.9497877898871077
PRK,2007,Fossil Subsidies,0.2518229746186139,Asia,Eastern Asia,Democratic People's Republic of Korea,0.9891157281124944
PRK,2012,Fossil Subsidies,0.2518229746186139,Asia,Eastern Asia,Democratic People's Republic of Korea,0.9891157281124944
PRK,2017,Fossil Subsidies,0.7334950550033832,Asia,Eastern Asia,Democratic People's Republic of Korea,0.9682969370888859
PRK,2022,Fossil Subsidies,2.2703875325909513,Asia,Eastern Asia,Democratic People's Republic of Korea,0.901869496887054
PRT,2007,Fossil Subsidies,0.0,Europe,Southern Europe,Portuguese Republic,1.0
PRT,2012,Fossil Subsidies,0.0,Europe,Southern Europe,Portuguese Republic,1.0
PRT,2017,Fossil Subsidies,0.0,Europe,Southern Europe,Portuguese Republic,1.0
PRT,2022,Fossil Subsidies,0.0,Europe,Southern Europe,Portuguese Republic,1.0
PRY,2007,Fossil Subsidies,0.189598490231427,America,South America,Republic of Paraguay,0.9918051896564846
PRY,2012,Fossil Subsidies,0.189598490231427,America,South America,Republic of Paraguay,0.9918051896564846
PRY,2017,Fossil Subsidies,0.091827506388841,America,South America,Republic of Paraguay,0.9960310390749632
PRY,2022,Fossil Subsidies,0.5360106860544884,America,South America,Republic of Paraguay,0.9768325902334318
PSE,2007,Fossil Subsidies,2.681598940409044,Asia,Western Asia,State of Palestine,0.8840961512552082
PSE,2012,Fossil Subsidies,2.681598940409044,Asia,Western Asia,State of Palestine,0.8840961512552082
PSE,2017,Fossil Subsidies,2.051654212170147,Asia,Western Asia,State of Palestine,0.9113235704636314
PSE,2022,Fossil Subsidies,5.893725885352135,Asia,Western Asia,State of Palestine,0.7452618647533782
PYF,2007,Fossil Subsidies,0.3035432713626635,Oceania,Polynesia,French Polynesia,0.98688027770247
PYF,2012,Fossil Subsidies,0.3035432713626635,Oceania,Polynesia,French Polynesia,0.98688027770247
PYF,2017,Fossil Subsidies,0.3008901607680512,Oceania,Polynesia,French Polynesia,0.986994950230277
PYF,2022,Fossil Subsidies,0.0,Oceania,Polynesia,French Polynesia,1.0
QAT,2007,Fossil Subsidies,2.350874063221453,Asia,Western Asia,State of Qatar,0.8983907146830427
QAT,2012,Fossil Subsidies,2.350874063221453,Asia,Western Asia,State of Qatar,0.8983907146830427
QAT,2017,Fossil Subsidies,2.221006428877521,Asia,Western Asia,State of Qatar,0.9040038428883912
QAT,2022,Fossil Subsidies,11.674052502976906,Asia,Western Asia,State of Qatar,0.49542506332531666
ROU,2007,Fossil Subsidies,0.7953668620189737,Europe,Eastern Europe,Romania,0.9656227189372305
ROU,2012,Fossil Subsidies,0.7953668620189737,Europe,Eastern Europe,Romania,0.9656227189372305
ROU,2017,Fossil Subsidies,0.8721750064002217,Europe,Eastern Europe,Romania,0.9623029236410052
ROU,2022,Fossil Subsidies,0.3707080915465734,Europe,Eastern Europe,Romania,0.9839772853711934
RUS,2007,Fossil Subsidies,2.6468761742416502,Europe,Eastern Europe,Russian Federation,0.8855969357973041
RUS,2012,Fossil Subsidies,2.6468761742416502,Europe,Eastern Europe,Russian Federation,0.8855969357973041
RUS,2017,Fossil Subsidies,1.7854868781391,Europe,Eastern Europe,Russian Federation,0.9228278330733239
RUS,2022,Fossil Subsidies,3.2693981722478167,Europe,Eastern Europe,Russian Federation,0.8586903412242147
RWA,2007,Fossil Subsidies,0.3908178025983895,Africa,Eastern Africa,Republic of Rwanda,0.9831081050948559
RWA,2012,Fossil Subsidies,0.3908178025983895,Africa,Eastern Africa,Republic of Rwanda,0.9831081050948559
RWA,2017,Fossil Subsidies,0.2500405370792226,Africa,Eastern Africa,Republic of Rwanda,0.9891927684811526
RWA,2022,Fossil Subsidies,0.7566564853360971,Africa,Eastern Africa,Republic of Rwanda,0.9672958556529027
SAU,2007,Fossil Subsidies,9.444284256912178,Asia,Western Asia,Kingdom of Saudi Arabia,0.5917999229784174
SAU,2012,Fossil Subsidies,9.444284256912178,Asia,Western Asia,Kingdom of Saudi Arabia,0.5917999229784174
SAU,2017,Fossil Subsidies,7.096342907503967,Asia,Western Asia,Kingdom of Saudi Arabia,0.6932824507802596
SAU,2022,Fossil Subsidies,13.814576164013438,Asia,Western Asia,Kingdom of Saudi Arabia,0.4029075257827406
SDN,2007,Fossil Subsidies,1.168358356520582,Africa,Northern Africa,Republic of the Sudan,0.949501311253793
SDN,2012,Fossil Subsidies,1.168358356520582,Africa,Northern Africa,Republic of the Sudan,0.949501311253793
SDN,2017,Fossil Subsidies,5.441778444131508,Africa,Northern Africa,Republic of the Sudan,0.7647958998689502
SDN,2022,Fossil Subsidies,10.843392906392632,Africa,Northern Africa,Republic of the Sudan,0.531327764057376
SEN,2007,Fossil Subsidies,0.1610031477495021,Africa,Western Africa,Republic of Senegal,0.9930411351962471
SEN,2012,Fossil Subsidies,0.1610031477495021,Africa,Western Africa,Republic of Senegal,0.9930411351962471
SEN,2017,Fossil Subsidies,0.443962644442607,Africa,Western Africa,Republic of Senegal,0.980811083113732
SEN,2022,Fossil Subsidies,1.0333697446510266,Africa,Western Africa,Republic of Senegal,0.9553357779283703
SGP,2007,Fossil Subsidies,0.2638090655241059,Asia,South-eastern Asia,Republic of Singapore,0.9885976662776623
SGP,2012,Fossil Subsidies,0.2638090655241059,Asia,South-eastern Asia,Republic of Singapore,0.9885976662776623
SGP,2017,Fossil Subsidies,0.5728553051615681,Asia,South-eastern Asia,Republic of Singapore,0.9752400951381753
SGP,2022,Fossil Subsidies,1.8779157147055363,Asia,South-eastern Asia,Republic of Singapore,0.918832881504832
SLB,2007,Fossil Subsidies,0.0,Oceania,Melanesia,Solomon Islands,1.0
SLB,2012,Fossil Subsidies,0.0,Oceania,Melanesia,Solomon Islands,1.0
SLB,2017,Fossil Subsidies,0.0,Oceania,Melanesia,Solomon Islands,1.0
SLB,2022,Fossil Subsidies,0.0,Oceania,Melanesia,Solomon Islands,1.0
SLE,2007,Fossil Subsidies,0.0,Africa,Western Africa,Republic of Sierra Leone,1.0
SLE,2012,Fossil Subsidies,0.0,Africa,Western Africa,Republic of Sierra Leone,1.0
SLE,2017,Fossil Subsidies,0.155824978934811,Africa,Western Africa,Republic of Sierra Leone,0.9932649455826659
SLE,2022,Fossil Subsidies,0.0964337691095132,Africa,Western Africa,Republic of Sierra Leone,0.9958319475666804
SLV,2007,Fossil Subsidies,0.5683487422117247,America,Central America,Republic of El Salvador,0.9754348774311672
SLV,2012,Fossil Subsidies,0.5683487422117247,America,Central America,Republic of El Salvador,0.9754348774311672
SLV,2017,Fossil Subsidies,2.1468936981251803,America,Central America,Republic of El Salvador,0.9072071372385422
SLV,2022,Fossil Subsidies,1.3639054973086668,America,Central America,Republic of El Salvador,0.9410493888254072
SMR,2007,Fossil Subsidies,0.15509844494251734,Europe,Southern Europe,Republic of San Marino,0.9932963477750972
SMR,2012,Fossil Subsidies,0.15509844494251734,Europe,Southern Europe,Republic of San Marino,0.9932963477750972
SMR,2017,Fossil Subsidies,0.7150244544900723,Europe,Southern Europe,Republic of San Marino,0.9690952718644037
SMR,2022,Fossil Subsidies,0.965082836024732,Europe,Southern Europe,Republic of San Marino,0.9582872690739718
SOM,2007,Fossil Subsidies,0.9552625639478712,Africa,Eastern Africa,Federal Republic of Somalia,0.9587117200656086
SOM,2012,Fossil Subsidies,0.9552625639478712,Africa,Eastern Africa,Federal Republic of Somalia,0.9587117200656086
SOM,2017,Fossil Subsidies,0.9079296933538158,Africa,Eastern Africa,Federal Republic of Somalia,0.9607575375036008
SOM,2022,Fossil Subsidies,1.0394678964022697,Africa,Eastern Africa,Federal Republic of Somalia,0.9550722041151696
SRB,2007,Fossil Subsidies,0.1694804025880685,Europe,Southern Europe,Republic of Serbia,0.9926747319851724
SRB,2012,Fossil Subsidies,0.1694804025880685,Europe,Southern Europe,Republic of Serbia,0.9926747319851724
SRB,2017,Fossil Subsidies,1.1144555135856369,Europe,Southern Europe,Republic of Serbia,0.9518310954956876
SRB,2022,Fossil Subsidies,4.099579834272341,Europe,Southern Europe,Republic of Serbia,0.8228082977403698
SSD,2007,Fossil Subsidies,0.9552625639478712,Africa,Eastern Africa,Republic of South Sudan,0.9587117200656086
SSD,2012,Fossil Subsidies,0.9552625639478712,Africa,Eastern Africa,Republic of South Sudan,0.9587117200656086
SSD,2017,Fossil Subsidies,0.9079296933538158,Africa,Eastern Africa,Republic of South Sudan,0.9607575375036008
SSD,2022,Fossil Subsidies,1.0394678964022697,Africa,Eastern Africa,Republic of South Sudan,0.9550722041151696
STP,2007,Fossil Subsidies,0.0,Africa,Middle Africa,Democratic Republic of São Tomé and Príncipe,1.0
STP,2012,Fossil Subsidies,0.0,Africa,Middle Africa,Democratic Republic of São Tomé and Príncipe,1.0
STP,2017,Fossil Subsidies,0.0,Africa,Middle Africa,Democratic Republic of São Tomé and Príncipe,1.0
STP,2022,Fossil Subsidies,4.294325594413959,Africa,Middle Africa,Democratic Republic of São Tomé and Príncipe,0.8143910125203433
SUR,2007,Fossil Subsidies,2.1866862214098464,America,South America,Republic of Suriname,0.9054872280714927
SUR,2012,Fossil Subsidies,2.1866862214098464,America,South America,Republic of Suriname,0.9054872280714927
SUR,2017,Fossil Subsidies,5.136024962878879,America,South America,Republic of Suriname,0.7780111516764754
SUR,2022,Fossil Subsidies,6.808455320548737,America,South America,Republic of Suriname,0.7057255043745723
SVK,2007,Fossil Subsidies,0.2267249006263512,Europe,Eastern Europe,Slovak Republic,0.9902005150013723
SVK,2012,Fossil Subsidies,0.2267249006263512,Europe,Eastern Europe,Slovak Republic,0.9902005150013723
SVK,2017,Fossil Subsidies,0.2574179115507414,Europe,Eastern Europe,Slovak Republic,0.9888739042087977
SVK,2022,Fossil Subsidies,2.093106832436847,Europe,Eastern Europe,Slovak Republic,0.909531908721427
SVN,2007,Fossil Subsidies,0.0,Europe,Southern Europe,Republic of Slovenia,1.0
SVN,2012,Fossil Subsidies,0.0,Europe,Southern Europe,Republic of Slovenia,1.0
SVN,2017,Fossil Subsidies,0.0,Europe,Southern Europe,Republic of Slovenia,1.0
SVN,2022,Fossil Subsidies,0.1871431875621666,Europe,Southern Europe,Republic of Slovenia,0.9919113125464186
SWE,2007,Fossil Subsidies,4.20554837956993,Europe,Northern Europe,Kingdom of Sweden,0.818228133995226
SWE,2012,Fossil Subsidies,4.20554837956993,Europe,Northern Europe,Kingdom of Sweden,0.818228133995226
SWE,2017,Fossil Subsidies,2.6651579820541067,Europe,Northern Europe,Kingdom of Sweden,0.8848067610043677
SWE,2022,Fossil Subsidies,0.1296247043945547,Europe,Northern Europe,Kingdom of Sweden,0.9943973716929336
SWZ,2007,Fossil Subsidies,0.07186397712266623,Africa,Southern Africa,Kingdom of Eswatini,0.9968939010941904
SWZ,2012,Fossil Subsidies,0.07186397712266623,Africa,Southern Africa,Kingdom of Eswatini,0.9968939010941904
SWZ,2017,Fossil Subsidies,0.16503362869377788,Africa,Southern Africa,Kingdom of Eswatini,0.9928669300805251
SWZ,2022,Fossil Subsidies,0.3313617485818372,Africa,Southern Africa,Kingdom of Eswatini,0.985677909769169
SXM,2007,Fossil Subsidies,0.8218464109694062,America,Caribbean,Sint Maarten (Dutch part),0.9644782220513862
SXM,2012,Fossil Subsidies,0.8218464109694062,America,Caribbean,Sint Maarten (Dutch part),0.9644782220513862
SXM,2017,Fossil Subsidies,0.3136489026861725,America,Caribbean,Sint Maarten (Dutch part),0.9864434929369554
SXM,2022,Fossil Subsidies,1.1617302694650955,America,Caribbean,Sint Maarten (Dutch part),0.9497877898871077
SYC,2007,Fossil Subsidies,0.3758398486439311,Africa,Eastern Africa,Republic of Seychelles,0.9837554809882022
SYC,2012,Fossil Subsidies,0.3758398486439311,Africa,Eastern Africa,Republic of Seychelles,0.9837554809882022
SYC,2017,Fossil Subsidies,2.6332777707243755,Africa,Eastern Africa,Republic of Seychelles,0.886184684875172
SYC,2022,Fossil Subsidies,1.6472311931716082,Africa,Eastern Africa,Republic of Seychelles,0.9288035089125065
SYR,2007,Fossil Subsidies,2.681598940409044,Asia,Western Asia,Syrian Arab Republic,0.8840961512552082
SYR,2012,Fossil Subsidies,2.681598940409044,Asia,Western Asia,Syrian Arab Republic,0.8840961512552082
SYR,2017,Fossil Subsidies,2.051654212170147,Asia,Western Asia,Syrian Arab Republic,0.9113235704636314
SYR,2022,Fossil Subsidies,5.893725885352135,Asia,Western Asia,Syrian Arab Republic,0.7452618647533782
TCA,2007,Fossil Subsidies,0.8218464109694062,America,Caribbean,Turks and Caicos Islands,0.9644782220513862
TCA,2012,Fossil Subsidies,0.8218464109694062,America,Caribbean,Turks and Caicos Islands,0.9644782220513862
TCA,2017,Fossil Subsidies,0.3136489026861725,America,Caribbean,Turks and Caicos Islands,0.9864434929369554
TCA,2022,Fossil Subsidies,1.1617302694650955,America,Caribbean,Turks and Caicos Islands,0.9497877898871077
TCD,2007,Fossil Subsidies,0.0,Africa,Middle Africa,Republic of Chad,1.0
TCD,2012,Fossil Subsidies,0.0,Africa,Middle Africa,Republic of Chad,1.0
TCD,2017,Fossil Subsidies,0.271349058528666,Africa,Middle Africa,Republic of Chad,0.9882717733204538
TCD,2022,Fossil Subsidies,0.6712338494372175,Africa,Middle Africa,Republic of Chad,0.9709879857926523
TGO,2007,Fossil Subsidies,0.0,Africa,Western Africa,Togolese Republic,1.0
TGO,2012,Fossil Subsidies,0.0,Africa,Western Africa,Togolese Republic,1.0
TGO,2017,Fossil Subsidies,1.7708542369352956e-16,Africa,Western Africa,Togolese Republic,1.0
TGO,2022,Fossil Subsidies,0.2425766437770594,Africa,Western Africa,Togolese Republic,0.989515372263286
THA,2007,Fossil Subsidies,0.0,Asia,South-eastern Asia,Kingdom of Thailand,1.0
THA,2012,Fossil Subsidies,0.0,Asia,South-eastern Asia,Kingdom of Thailand,1.0
THA,2017,Fossil Subsidies,0.0,Asia,South-eastern Asia,Kingdom of Thailand,1.0
THA,2022,Fossil Subsidies,4.311880711698112,Asia,South-eastern Asia,Kingdom of Thailand,0.8136322466856248
TJK,2007,Fossil Subsidies,7.226847568698731,Asia,Central Asia,Republic of Tajikistan,0.6876417890527826
TJK,2012,Fossil Subsidies,7.226847568698731,Asia,Central Asia,Republic of Tajikistan,0.6876417890527826
TJK,2017,Fossil Subsidies,12.70378173100146,Asia,Central Asia,Republic of Tajikistan,0.45091819136375344
TJK,2022,Fossil Subsidies,8.436057102541598,Asia,Central Asia,Republic of Tajikistan,0.6353774340818245
TKM,2007,Fossil Subsidies,4.328670895089542,Asia,Central Asia,Turkmenistan,0.8129065427606745
TKM,2012,Fossil Subsidies,4.328670895089542,Asia,Central Asia,Turkmenistan,0.8129065427606745
TKM,2017,Fossil Subsidies,3.333618276976005,Asia,Central Asia,Turkmenistan,0.8559146251420571
TKM,2022,Fossil Subsidies,7.239826746674749,Asia,Central Asia,Turkmenistan,0.6870808040903055
TLS,2007,Fossil Subsidies,0.623425320356786,Asia,South-eastern Asia,Democratic Republic of Timor-Leste,0.9730543621026027
TLS,2012,Fossil Subsidies,0.623425320356786,Asia,South-eastern Asia,Democratic Republic of Timor-Leste,0.9730543621026027
TLS,2017,Fossil Subsidies,0.957830105178003,Asia,South-eastern Asia,Democratic Republic of Timor-Leste,0.958600746009832
TLS,2022,Fossil Subsidies,2.6284862543798404,Asia,South-eastern Asia,Democratic Republic of Timor-Leste,0.8863917834003416
TON,2007,Fossil Subsidies,0.3035432713626635,Oceania,Polynesia,Kingdom of Tonga,0.98688027770247
TON,2012,Fossil Subsidies,0.3035432713626635,Oceania,Polynesia,Kingdom of Tonga,0.98688027770247
TON,2017,Fossil Subsidies,0.3008901607680512,Oceania,Polynesia,Kingdom of Tonga,0.986994950230277
TON,2022,Fossil Subsidies,0.0,Oceania,Polynesia,Kingdom of Tonga,1.0
TTO,2007,Fossil Subsidies,4.652752945319643,America,Caribbean,Republic of Trinidad and Tobago,0.7988990950529865
TTO,2012,Fossil Subsidies,4.652752945319643,America,Caribbean,Republic of Trinidad and Tobago,0.7988990950529865
TTO,2017,Fossil Subsidies,0.7935587074244096,America,Caribbean,Republic of Trinidad and Tobago,0.9657008708463313
TTO,2022,Fossil Subsidies,2.4784031350900677,America,Caribbean,Republic of Trinidad and Tobago,0.8928786636325716
TUN,2007,Fossil Subsidies,1.7742536752364255,Africa,Northern Africa,Republic of Tunisia,0.92331335364485
TUN,2012,Fossil Subsidies,1.7742536752364255,Africa,Northern Africa,Republic of Tunisia,0.92331335364485
TUN,2017,Fossil Subsidies,1.4344286181216015,Africa,Northern Africa,Republic of Tunisia,0.9380012443006834
TUN,2022,Fossil Subsidies,7.858770634779162,Africa,Northern Africa,Republic of Tunisia,0.6603288622889619
TUR,2007,Fossil Subsidies,0.2665378399240038,Asia,Western Asia,Republic of Türkiye,0.9884797234150894
TUR,2012,Fossil Subsidies,0.2665378399240038,Asia,Western Asia,Republic of Türkiye,0.9884797234150894
TUR,2017,Fossil Subsidies,0.71781770591639,Asia,Western Asia,Republic of Türkiye,0.9689745421811005
TUR,2022,Fossil Subsidies,5.846018835162745,Asia,Western Asia,Republic of Türkiye,0.7473238549510501
TUV,2007,Fossil Subsidies,0.3035432713626635,Oceania,Polynesia,Tuvalu,0.98688027770247
TUV,2012,Fossil Subsidies,0.3035432713626635,Oceania,Polynesia,Tuvalu,0.98688027770247
TUV,2017,Fossil Subsidies,0.3008901607680512,Oceania,Polynesia,Tuvalu,0.986994950230277
TUV,2022,Fossil Subsidies,0.0,Oceania,Polynesia,Tuvalu,1.0
TZA,2007,Fossil Subsidies,0.6795896996798397,Africa,Eastern Africa,United Republic of Tanzania,0.9706268299210337
TZA,2012,Fossil Subsidies,0.6795896996798397,Africa,Eastern Africa,United Republic of Tanzania,0.9706268299210337
TZA,2017,Fossil Subsidies,0.366030577176486,Africa,Eastern Africa,United Republic of Tanzania,0.9841794565124042
TZA,2022,Fossil Subsidies,0.7314962258927037,Africa,Eastern Africa,United Republic of Tanzania,0.9683833303162324
UGA,2007,Fossil Subsidies,0.0,Africa,Eastern Africa,Republic of Uganda,1.0
UGA,2012,Fossil Subsidies,0.0,Africa,Eastern Africa,Republic of Uganda,1.0
UGA,2017,Fossil Subsidies,0.0,Africa,Eastern Africa,Republic of Uganda,1.0
UGA,2022,Fossil Subsidies,0.0,Africa,Eastern Africa,Republic of Uganda,1.0
UKR,2007,Fossil Subsidies,9.302956544108198,Europe,Eastern Europe,Ukraine,0.5979083777519644
UKR,2012,Fossil Subsidies,9.302956544108198,Europe,Eastern Europe,Ukraine,0.5979083777519644
UKR,2017,Fossil Subsidies,8.52661421430651,Europe,Eastern Europe,Ukraine,0.6314633820486876
UKR,2022,Fossil Subsidies,13.302853729721752,Europe,Eastern Europe,Ukraine,0.42502515073019564
URY,2007,Fossil Subsidies,0.0,America,South America,Oriental Republic of Uruguay,1.0
URY,2012,Fossil Subsidies,0.0,America,South America,Oriental Republic of Uruguay,1.0
URY,2017,Fossil Subsidies,0.0,America,South America,Oriental Republic of Uruguay,1.0
URY,2022,Fossil Subsidies,0.0,America,South America,Oriental Republic of Uruguay,1.0
USA,2007,Fossil Subsidies,0.0,America,Northern America,United States of America,1.0
USA,2012,Fossil Subsidies,0.0,America,Northern America,United States of America,1.0
USA,2017,Fossil Subsidies,0.0,America,Northern America,United States of America,1.0
USA,2022,Fossil Subsidies,0.0,America,Northern America,United States of America,1.0
UZB,2007,Fossil Subsidies,0.8925478971909443,Asia,Central Asia,Republic of Uzbekistan,0.9614223682316487
UZB,2012,Fossil Subsidies,0.8925478971909443,Asia,Central Asia,Republic of Uzbekistan,0.9614223682316487
UZB,2017,Fossil Subsidies,3.486883379285082,Asia,Central Asia,Republic of Uzbekistan,0.8492902135015987
UZB,2022,Fossil Subsidies,3.235222102641583,Asia,Central Asia,Republic of Uzbekistan,0.8601674964925295
VCT,2007,Fossil Subsidies,0.8218464109694062,America,Caribbean,Saint Vincent and the Grenadines,0.9644782220513862
VCT,2012,Fossil Subsidies,0.8218464109694062,America,Caribbean,Saint Vincent and the Grenadines,0.9644782220513862
VCT,2017,Fossil Subsidies,0.3136489026861725,America,Caribbean,Saint Vincent and the Grenadines,0.9864434929369554
VCT,2022,Fossil Subsidies,1.1617302694650955,America,Caribbean,Saint Vincent and the Grenadines,0.9497877898871077
VEN,2007,Fossil Subsidies,19.33023534228093,America,South America,Bolivarian Republic of Venezuela,0.16451015864020216
VEN,2012,Fossil Subsidies,19.33023534228093,America,South America,Bolivarian Republic of Venezuela,0.16451015864020216
VEN,2017,Fossil Subsidies,15.025792221109077,America,South America,Bolivarian Republic of Venezuela,0.3505564450288595
VEN,2022,Fossil Subsidies,13.808346570576132,America,South America,Bolivarian Republic of Venezuela,0.40317678075768065
VGB,2007,Fossil Subsidies,0.8218464109694062,America,Caribbean,British Virgin Islands,0.9644782220513862
VGB,2012,Fossil Subsidies,0.8218464109694062,America,Caribbean,British Virgin Islands,0.9644782220513862
VGB,2017,Fossil Subsidies,0.3136489026861725,America,Caribbean,British Virgin Islands,0.9864434929369554
VGB,2022,Fossil Subsidies,1.1617302694650955,America,Caribbean,British Virgin Islands,0.9497877898871077
VIR,2007,Fossil Subsidies,0.8218464109694062,America,Caribbean,Virgin Islands of the United States,0.9644782220513862
VIR,2012,Fossil Subsidies,0.8218464109694062,America,Caribbean,Virgin Islands of the United States,0.9644782220513862
VIR,2017,Fossil Subsidies,0.3136489026861725,America,Caribbean,Virgin Islands of the United States,0.9864434929369554
VIR,2022,Fossil Subsidies,1.1617302694650955,America,Caribbean,Virgin Islands of the United States,0.9497877898871077
VNM,2007,Fossil Subsidies,0.623590106308195,Asia,South-eastern Asia,Socialist Republic of Vietnam,0.9730472397377705
VNM,2012,Fossil Subsidies,0.623590106308195,Asia,South-eastern Asia,Socialist Republic of Vietnam,0.9730472397377705
VNM,2017,Fossil Subsidies,2.478068317389744,Asia,South-eastern Asia,Socialist Republic of Vietnam,0.8928931350956643
VNM,2022,Fossil Subsidies,1.6543678445220915,Asia,South-eastern Asia,Socialist Republic of Vietnam,0.9284950491550811
VUT,2007,Fossil Subsidies,0.0,Oceania,Melanesia,Republic of Vanuatu,1.0
VUT,2012,Fossil Subsidies,0.0,Oceania,Melanesia,Republic of Vanuatu,1.0
VUT,2017,Fossil Subsidies,0.0,Oceania,Melanesia,Republic of Vanuatu,1.0
VUT,2022,Fossil Subsidies,0.12961631404996268,Oceania,Melanesia,Republic of Vanuatu,0.9943977343397172
WSM,2007,Fossil Subsidies,0.3035432713626635,Oceania,Polynesia,Independent State of Samoa,0.98688027770247
WSM,2012,Fossil Subsidies,0.3035432713626635,Oceania,Polynesia,Independent State of Samoa,0.98688027770247
WSM,2017,Fossil Subsidies,0.3008901607680512,Oceania,Polynesia,Independent State of Samoa,0.986994950230277
WSM,2022,Fossil Subsidies,0.0,Oceania,Polynesia,Independent State of Samoa,1.0
XKX,2007,Fossil Subsidies,0.15509844494251734,Europe,Southern Europe,Republic of Kosovo,0.9932963477750972
XKX,2012,Fossil Subsidies,0.15509844494251734,Europe,Southern Europe,Republic of Kosovo,0.9932963477750972
XKX,2017,Fossil Subsidies,0.7150244544900723,Europe,Southern Europe,Republic of Kosovo,0.9690952718644037
XKX,2022,Fossil Subsidies,0.965082836024732,Europe,Southern Europe,Republic of Kosovo,0.9582872690739718
YEM,2007,Fossil Subsidies,0.0434145683515131,Asia,Western Asia,Republic of Yemen,0.9981235390991143
YEM,2012,Fossil Subsidies,0.0434145683515131,Asia,Western Asia,Republic of Yemen,0.9981235390991143
YEM,2017,Fossil Subsidies,0.0307405048023368,Asia,Western Asia,Republic of Yemen,0.998671336430941
YEM,2022,Fossil Subsidies,0.1098547662138812,Asia,Western Asia,Republic of Yemen,0.9952518663341932
ZAF,2007,Fossil Subsidies,0.1245203977288658,Africa,Southern Africa,Republic of South Africa,0.9946179896156261
ZAF,2012,Fossil Subsidies,0.1245203977288658,Africa,Southern Africa,Republic of South Africa,0.9946179896156261
ZAF,2017,Fossil Subsidies,0.5504573114194528,Africa,Southern Africa,Republic of South Africa,0.9762081793806597
ZAF,2022,Fossil Subsidies,1.1623900792227355,Africa,Southern Africa,Republic of South Africa,0.9497592716440559
ZMB,2007,Fossil Subsidies,1.0417515746853616,Africa,Eastern Africa,Republic of Zambia,0.954973499160332
ZMB,2012,Fossil Subsidies,1.0417515746853616,Africa,Eastern Africa,Republic of Zambia,0.954973499160332
ZMB,2017,Fossil Subsidies,0.0,Africa,Eastern Africa,Republic of Zambia,1.0
ZMB,2022,Fossil Subsidies,0.9367194479262414,Africa,Eastern Africa,Republic of Zambia,0.95951318910046
ZWE,2007,Fossil Subsidies,0.3782392920914553,Africa,Eastern Africa,Republic of Zimbabwe,0.9836517724409536
ZWE,2012,Fossil Subsidies,0.3782392920914553,Africa,Eastern Africa,Republic of Zimbabwe,0.9836517724409536
ZWE,2017,Fossil Subsidies,0.4860155225250958,Africa,Eastern Africa,Republic of Zimbabwe,0.9789934770776061
ZWE,2022,Fossil Subsidies,0.5194092120072994,Africa,Eastern Africa,Republic of Zimbabwe,0.9775501377786334
